Номер примера;Количество комнат;Общая площадь;Жилая площадь;Тип дома;Этажность квартиры;Этажность дома;Площадь кухни;Индекс места;Минут ходьбы;Телефон;Балкон / Лоджия;Цена
1;2;44;27;1;5;9;6;106;10;1;0;47000
2;1;35;19;1;13;16;9;88;5;1;1;42000
3;3;85;56;0;4;9;10;59;20;1;2;112000
4;4;133;74;1;1;16;20;117;30;1;2;136000
5;3;67;48;0;1;8;7;14;5;1;0;90000
6;3;65;45;1;17;22;11;63;25;1;2;91000
7;3;76;46;1;8;16;11;63;15;1;2;130000
8;2;44;29;0;1;3;7;126;35;0;0;24000
9;1;35;18;0;2;14;8;105;25;1;1;42000
10;1;30;17;0;1;9;6;16;10;1;0;45000
11;2;45;29;1;4;5;6;125;50;1;2;30000
12;3;80;50;0;9;9;10;19;7;1;2;135000
13;1;39;22;1;6;12;13;63;35;1;2;47000
14;2;53;34;1;7;16;9;67;10;1;2;82000
15;2;38;24;1;11;12;6;63;35;1;2;43000
16;3;65;44;0;3;9;9;90;10;1;0;72000
17;3;56;42;0;5;5;5;87;3;1;2;53000
18;3;58;38;0;6;9;10;100;15;1;2;56000
19;1;39;20;1;14;14;8;121;40;1;1;36000
20;2;65;35;1;9;17;10;97;15;1;1;68000
21;2;38;26;1;2;5;6;93;5;1;0;40000
22;2;44;29;0;5;5;6;43;10;1;2;53000
23;3;74;46;1;11;16;10;31;5;1;2;120000
24;2;46;28;1;2;5;7;40;15;1;0;51000
25;3;76;48;0;6;6;12;37;7;1;2;130000
26;1;34;19;1;9;9;7;54;3;1;0;42000
27;1;39;21;1;2;12;9;77;10;1;0;44000
28;2;48;29;1;1;9;10;97;10;1;3;48000
29;2;49;31;0;5;8;8;36;3;1;0;74000
30;2;43;29;0;2;9;6;110;15;0;0;45000
31;3;86;55;0;6;9;8;26;5;1;2;125000
32;3;75;45;1;13;17;11;8;5;1;2;140000
33;3;64;44;0;3;5;12;69;5;1;2;91000
34;2;60;35;1;1;17;10;77;10;1;0;58000
35;4;100;68;0;6;6;9;20;10;1;2;138000
36;3;65;45;2;9;9;8;105;3;1;1;73000
37;1;42;24;0;1;8;9;19;3;1;0;55000
38;3;54;37;0;2;5;6;121;25;1;2;53000
39;3;85;54;0;5;8;9;16;7;1;2;140000
40;4;111;73;0;5;5;8;38;5;1;0;145000
41;2;61;37;0;3;5;9;85;20;1;2;87000
42;3;81;48;1;11;12;9;52;25;1;2;124000
43;1;37;19;1;3;12;10;113;40;1;2;33000
44;2;42;28;0;4;9;5;124;15;1;2;27000
45;1;35;20;1;12;14;12;63;30;1;1;38000
46;1;39;20;1;6;12;10;63;35;1;2;48000
47;2;45;28;1;5;9;7;94;5;1;0;50000
48;2;56;36;0;7;8;10;19;10;1;2;101000
49;3;64;48;1;11;12;7;92;10;1;1;66000
50;2;60;35;0;1;5;8;30;5;1;0;68000
51;1;30;17;1;5;5;7;119;5;0;0;34000
52;3;60;39;1;4;9;8;83;10;1;1;76000
53;1;32;18;0;2;5;6;83;20;1;2;34000
54;2;54;32;1;1;17;10;91;25;0;0;47000
55;1;38;19;1;8;17;8;83;35;1;2;31000
56;2;46;31;1;6;12;7;109;25;1;1;50000
57;3;72;48;0;2;5;8;65;5;1;0;90000
58;2;45;30;1;7;9;7;113;10;1;2;49000
59;3;73;43;1;13;17;10;8;10;1;3;125000
60;1;38;17;1;8;13;9;8;7;1;1;75000
61;3;62;44;1;1;9;7;110;15;1;1;64000
62;1;63;22;0;2;13;9;47;5;1;1;110000
63;3;78;50;0;2;4;9;121;5;1;0;85000
64;1;32;17;1;5;9;8;63;5;1;1;45500
65;2;44;33;0;5;5;6;63;35;0;2;38000
66;1;40;20;1;19;22;10;80;25;0;2;45000
67;1;31;18;2;2;4;6;127;50;0;0;15000
68;2;45;31;1;4;5;6;116;5;1;2;46000
69;3;80;56;0;4;10;9;29;1;1;2;134000
70;4;80;47;0;3;5;8;14;5;1;0;140000
71;2;47;31;1;5;9;7;117;30;1;2;47000
72;3;75;43;1;14;16;10;40;15;1;1;115000
73;1;32;18;0;2;5;6;83;35;0;2;33000
74;2;54;32;1;8;16;10;63;50;1;2;62000
75;1;42;21;1;9;14;9;109;25;0;1;38000
76;2;52;31;1;5;16;10;67;10;1;1;77000
77;2;52;31;1;10;11;8;109;35;0;1;54000
78;1;39;21;1;2;14;9;63;35;1;0;44000
79;2;66;41;0;5;7;8;11;3;1;2;137000
80;2;45;29;1;5;5;7;92;15;0;2;40000
81;2;40;25;0;1;5;6;51;5;1;0;44000
82;1;37;19;1;2;16;11;29;2;1;1;53000
83;2;38;24;2;13;14;6;83;10;1;1;49000
84;1;32;20;1;3;5;6;117;25;1;2;35000
85;3;72;50;1;5;5;8;68;10;1;0;69000
86;4;101;65;1;8;22;10;121;50;1;1;115000
87;3;86;54;0;9;11;12;100;5;0;2;114000
88;3;60;38;1;9;9;8;101;3;1;1;65000
89;2;45;28;2;8;12;6;47;10;1;2;60000
90;1;31;20;0;5;5;6;29;12;1;2;45000
91;2;56;31;1;3;16;9;94;10;1;2;70000
92;2;53;31;1;10;14;9;109;50;0;2;57000
93;3;59;42;1;5;9;7;121;25;0;2;52000
94;4;96;64;0;2;6;10;33;10;1;0;140000
95;2;45;30;0;2;9;6;100;10;0;0;45000
96;1;30;16;0;5;5;6;105;20;0;2;32000
97;1;31;19;0;2;9;6;57;25;1;0;36000
98;3;90;57;0;2;6;12;18;7;1;0;132000
99;1;39;21;1;11;12;9;113;25;1;1;45000
100;2;45;30;1;3;5;7;104;10;1;0;47000
101;2;51;28;2;15;16;12;36;25;1;1;80000
102;2;49;34;0;1;5;7;11;5;1;0;67000
103;2;41;27;1;2;5;5;105;10;0;2;40000
104;3;77;45;1;14;22;11;92;1;1;0;97000
105;3;57;42;0;6;9;7;73;15;1;2;74000
106;2;38;23;1;4;14;6;117;35;1;1;40500
107;2;58;36;0;7;8;9;20;3;1;2;100000
108;2;45;29;1;5;5;6;112;15;0;2;40000
109;2;46;32;1;1;5;7;104;15;1;0;40000
110;3;74;45;1;8;17;10;121;40;1;1;72000
111;1;33;19;1;7;9;7;54;10;1;0;47500
112;2;46;30;1;6;12;7;109;10;1;1;50000
113;3;62;41;0;4;7;8;48;1;1;2;90000
114;2;59;33;0;3;8;12;44;5;1;0;100000
115;3;90;60;0;4;8;14;29;10;1;2;120000
116;2;45;32;2;5;9;5;107;8;1;2;50000
117;1;36;19;1;16;17;8;46;5;1;1;50000
118;2;54;32;1;6;17;9;109;10;1;2;77000
119;3;72;44;1;15;17;10;109;10;1;3;95000
120;3;74;44;1;5;16;10;77;10;1;3;100000
121;1;36;20;1;10;12;9;94;15;1;2;38000
122;1;38;19;1;3;17;9;87;30;1;1;44000
123;1;33;19;1;3;9;7;97;5;1;0;39000
124;1;30;16;1;12;12;7;106;5;1;2;34000
125;3;75;45;1;10;16;11;63;5;1;3;115000
126;2;54;32;1;3;16;9;63;10;1;2;81000
127;1;39;21;1;1;16;9;120;20;0;0;30000
128;1;37;16;0;3;9;9;18;2;1;0;70000
129;2;43;32;1;2;5;6;121;5;1;2;47000
130;3;75;45;1;4;17;10;8;7;1;1;131000
131;1;35;19;0;6;9;10;68;30;1;1;45000
132;2;45;30;1;1;5;7;117;20;1;0;41000
133;2;54;33;1;4;16;9;45;15;1;2;70000
134;3;80;58;0;4;5;10;31;10;1;2;89000
135;2;52;30;1;6;12;9;111;15;1;1;58000
136;2;57;34;0;4;5;9;35;15;1;0;90000
137;4;74;59;2;2;9;7;75;15;1;2;95000
138;1;54;17;0;2;10;20;72;3;1;0;65000
139;1;34;19;1;4;9;6;54;12;1;0;43000
140;2;54;32;1;9;12;10;95;15;1;2;53000
141;1;40;23;2;6;16;7;63;10;1;1;54000
142;2;48;32;1;8;9;7;97;15;1;2;50000
143;3;60;43;1;5;9;6;108;10;1;1;65000
144;3;60;43;0;3;5;6;110;10;1;2;85000
145;3;65;45;0;3;4;8;104;25;1;2;61000
146;1;31;18;2;4;5;6;102;5;1;2;40000
147;2;44;29;0;2;5;6;86;10;1;0;45000
148;2;46;27;1;2;5;7;40;20;1;2;55000
149;2;54;33;1;3;16;9;47;10;1;2;85000
150;2;45;29;1;12;14;6;119;7;1;2;60000
151;2;58;36;0;1;8;8;76;7;0;0;73000
152;1;37;20;2;3;16;10;16;10;1;1;72000
153;2;45;28;1;9;12;7;63;10;1;1;65000
154;1;29;18;1;2;9;6;105;3;0;0;37000
155;1;32;17;1;12;12;8;63;10;1;2;48000
156;1;36;19;1;12;16;9;104;15;1;1;41000
157;1;33;19;1;6;9;7;109;20;1;0;37000
158;3;62;44;1;8;9;7;109;20;1;1;64000
159;3;74;52;0;3;5;9;91;15;1;2;71000
160;1;35;19;2;1;14;10;119;15;1;1;36000
161;3;60;45;2;2;5;6;93;5;1;2;68000
162;1;34;19;1;1;9;6;116;20;1;0;33500
163;2;43;29;2;3;5;6;19;2;1;2;55000
164;2;51;31;1;7;17;8;113;20;1;2;55000
165;2;59;34;1;12;17;10;117;25;1;1;60000
166;1;20;12;0;8;9;3;57;15;1;2;27000
167;3;91;53;0;8;8;9;43;5;1;2;125000
168;2;44;28;1;3;9;6;121;10;1;0;45000
169;3;80;56;0;5;9;9;19;7;1;2;135000
170;1;35;21;1;9;9;6;102;25;1;2;39000
171;2;45;32;2;5;9;6;107;10;1;2;50000
172;3;77;53;0;3;9;8;56;5;1;2;116000
173;2;46;29;1;8;9;7;109;5;1;0;48000
174;3;82;59;0;2;5;10;37;5;1;0;147000
175;2;42;28;0;1;5;6;110;5;1;2;43000
176;2;50;30;1;1;17;9;104;10;1;0;59000
177;3;90;60;0;4;11;10;29;5;1;0;132000
178;2;45;29;0;5;5;6;87;5;0;2;46000
179;1;32;21;2;4;5;6;116;5;1;2;43000
180;2;47;30;1;2;12;7;113;10;1;0;52000
181;3;67;44;0;5;5;7;121;15;0;0;63000
182;3;80;53;0;2;8;9;19;15;1;0;128000
183;3;78;51;0;4;5;9;16;7;1;2;110000
184;3;58;38;0;3;5;10;81;15;0;0;65000
185;3;60;39;0;3;5;8;12;10;1;0;97000
186;3;67;42;1;22;22;9;97;15;1;1;82000
187;2;54;32;1;10;16;9;61;20;1;2;79000
188;2;38;23;1;12;12;7;51;25;0;2;44000
189;2;53;31;1;9;14;8;63;45;1;1;63000
190;1;40;17;0;8;9;10;60;10;1;0;57000
191;2;39;22;2;8;9;8;116;10;1;2;44000
192;2;45;28;0;7;9;6;116;15;1;2;50000
193;2;44;28;1;12;12;6;93;10;1;2;57000
194;2;43;31;2;3;5;6;62;25;0;2;43000
195;2;46;31;1;5;5;6;73;15;0;2;44000
196;2;50;30;1;15;17;8;78;3;1;2;65000
197;2;55;35;1;6;24;8;2;5;1;1;124000
198;2;45;29;1;7;9;6;40;15;1;0;63000
199;2;46;30;1;3;9;7;113;3;1;0;58000
200;2;52;30;1;12;14;9;61;15;1;1;76000
201;1;35;19;1;2;16;10;107;10;0;1;43000
202;3;56;40;0;1;5;6;87;10;1;0;59000
203;2;44;30;1;1;5;6;56;8;1;0;40000
204;3;75;43;0;5;7;14;23;5;1;0;135000
205;1;39;19;1;11;12;9;91;30;1;2;41000
206;2;39;27;0;1;5;6;38;25;1;0;43000
207;1;39;21;1;12;12;9;117;20;1;1;46000
208;2;54;32;1;8;17;9;63;2;0;2;112000
209;2;45;30;2;2;5;6;102;10;1;2;45000
210;2;46;28;1;1;9;7;117;25;1;1;46000
211;3;86;53;0;6;8;13;21;15;1;2;136000
212;3;78;53;0;3;5;9;73;8;1;2;120000
213;2;55;33;0;8;8;9;19;7;1;0;90000
214;3;76;46;1;9;16;10;77;12;1;3;105000
215;2;44;28;1;1;9;6;109;25;1;0;45000
216;1;27;14;1;9;9;6;109;12;1;0;33000
217;1;21;13;0;2;12;4;94;2;1;0;28000
218;3;56;38;0;7;9;6;121;15;1;2;58500
219;2;41;27;1;2;5;6;69;8;1;2;48000
220;2;53;31;1;6;14;9;109;25;0;1;53000
221;3;75;51;0;1;9;9;7;12;1;0;133000
222;3;50;39;1;2;5;6;19;15;1;2;61000
223;3;69;46;0;8;8;8;18;12;1;2;100000
224;2;45;29;1;4;9;7;109;10;1;0;53000
225;1;41;21;1;12;12;8;75;15;1;1;48000
226;3;74;45;1;3;17;11;49;10;1;2;126000
227;2;58;36;0;7;8;9;3;10;1;2;121000
228;3;52;34;1;4;9;8;106;5;1;1;59000
229;2;45;32;1;5;9;7;118;5;1;2;50000
230;3;60;45;1;3;9;7;63;10;1;2;85000
231;3;60;45;1;5;9;7;37;10;1;2;85000
232;1;37;19;1;10;16;9;49;15;1;2;46000
233;2;54;33;1;13;17;9;19;15;0;2;82000
234;3;75;45;1;3;16;11;61;10;1;1;122000
235;2;45;29;1;5;10;6;101;5;1;2;46000
236;2;44;29;1;4;5;7;62;25;1;2;44000
237;3;64;46;1;3;14;8;52;15;1;1;70000
238;3;65;44;1;4;12;10;103;5;1;2;77000
239;3;64;45;1;14;14;10;63;30;1;1;76000
240;3;75;46;1;17;17;11;88;10;1;3;80000
241;2;52;31;1;11;14;10;72;10;0;2;70000
242;1;38;19;1;3;17;8;80;2;1;2;49000
243;2;66;41;0;5;6;12;35;10;1;2;125000
244;3;59;44;1;2;9;6;75;5;1;1;72000
245;3;50;35;1;3;5;7;121;25;1;1;52000
246;1;40;21;1;5;14;8;120;35;1;1;42000
247;3;58;44;1;9;9;6;109;1;1;2;66000
248;1;39;19;1;17;17;9;106;10;1;2;48000
249;3;74;51;0;4;5;9;51;35;1;2;83000
250;1;38;19;1;8;17;8;91;35;1;2;45000
251;1;33;19;1;8;9;6;61;25;1;2;45000
252;1;32;20;1;1;9;6;102;6;1;0;37000
253;1;39;21;1;1;14;9;109;35;0;0;39500
254;2;52;31;1;6;17;9;32;7;1;2;79000
255;2;44;29;0;5;5;6;43;10;1;2;50000
256;2;44;28;1;5;9;5;78;15;1;0;50000
257;1;46;18;0;2;8;14;0;7;1;0;110000
258;2;51;31;1;15;17;9;8;2;1;2;92000
259;2;43;31;0;2;5;6;105;7;1;2;44000
260;3;56;37;1;2;9;7;80;10;1;1;80000
261;1;35;19;2;16;16;10;102;5;1;1;40000
262;2;44;31;2;1;5;7;46;3;1;0;45000
263;2;53;30;1;4;12;8;111;10;1;1;54000
264;3;62;39;2;3;12;8;111;10;1;1;67000
265;1;27;12;1;2;9;6;54;10;1;0;38000
266;3;59;38;2;9;9;6;106;13;1;2;59000
267;4;96;72;0;2;5;9;72;10;1;0;116000
268;1;39;22;1;2;12;9;84;10;1;0;40000
269;2;45;29;2;5;5;6;85;10;1;2;41000
270;3;77;46;1;15;17;11;8;10;1;3;134000
271;3;80;59;0;3;6;7;38;5;1;0;121000
272;2;47;30;1;2;9;7;113;7;1;0;47500
273;1;42;21;1;10;14;10;91;25;0;3;41000
274;2;44;29;0;4;5;7;87;12;1;2;49000
275;3;63;45;1;2;12;7;109;30;1;1;62000
276;1;33;21;1;2;9;7;102;5;0;0;35000
277;1;33;19;2;1;12;8;61;25;0;0;34000
278;2;44;27;0;4;9;6;67;20;1;2;50000
279;2;60;38;0;6;8;10;19;15;1;2;100000
280;2;49;29;1;3;9;6;54;7;1;0;55000
281;3;82;52;0;2;8;9;68;10;1;0;117000
282;3;70;48;0;8;8;9;16;5;1;2;126000
283;1;36;20;1;5;12;10;113;3;1;2;45000
284;2;56;31;0;8;8;10;100;15;1;2;60000
285;1;33;18;0;8;9;6;18;5;1;2;65000
286;3;70;46;1;7;24;8;2;7;1;0;147000
287;2;46;30;1;4;9;7;77;5;1;1;55000
288;1;35;20;1;3;12;10;117;15;1;2;45000
289;2;64;43;0;2;3;7;2;3;1;0;114000
290;3;82;49;1;8;17;9;109;25;1;2;86000
291;2;48;32;1;3;9;9;70;10;1;2;60000
292;3;73;52;0;5;8;9;70;7;1;2;110000
293;4;84;61;0;4;9;8;44;3;1;2;135000
294;1;35;20;2;12;12;10;115;15;1;2;42000
295;3;61;44;1;1;5;7;117;20;1;0;50000
296;3;60;43;1;4;12;6;21;3;1;1;95000
297;1;35;19;1;1;5;8;121;40;1;0;33000
298;4;66;46;1;6;9;7;116;50;1;1;55000
299;2;45;30;2;1;5;6;76;25;1;0;43000
300;3;81;56;0;2;5;10;39;10;1;0;105000
301;4;63;47;1;7;9;6;121;25;1;1;63000
302;1;32;18;0;4;5;6;70;10;1;2;35000
303;2;53;29;1;8;16;11;94;2;1;1;61000
304;1;32;19;0;7;8;7;16;3;1;2;68000
305;2;45;30;0;2;8;7;10;5;1;0;84000
306;1;31;17;0;1;9;9;19;10;1;1;46000
307;2;42;27;1;1;5;6;93;15;1;2;37000
308;3;67;44;2;1;8;8;94;3;1;1;70000
309;2;39;24;1;1;12;7;97;5;1;0;46000
310;3;67;47;1;16;16;7;69;15;1;1;82000
311;2;40;29;1;1;5;6;103;10;1;0;41000
312;2;51;31;1;2;17;9;78;10;1;2;71000
313;1;33;17;0;3;4;8;30;5;1;2;46000
314;1;35;15;0;3;16;7;31;5;1;0;53000
315;1;33;19;0;1;5;7;80;5;1;0;34000
316;2;47;30;1;5;5;5;49;5;1;2;55000
317;3;85;60;0;5;8;10;51;25;0;2;100000
318;2;44;29;2;1;5;6;90;5;1;0;46000
319;1;35;21;1;4;9;7;78;10;1;1;42000
320;2;54;32;1;17;17;9;72;15;0;2;75000
321;1;35;21;1;9;9;7;111;15;1;1;40000
322;3;70;50;0;3;8;6;19;20;1;2;130000
323;3;77;46;1;13;17;10;91;35;1;3;90000
324;1;58;18;1;4;14;9;121;35;0;2;36000
325;2;58;36;0;6;9;9;3;10;1;2;117000
326;2;55;34;0;6;8;9;35;10;1;2;82000
327;2;45;28;1;3;12;6;14;20;1;2;85000
328;2;53;31;1;10;14;9;122;30;0;1;44000
329;3;81;51;0;5;13;10;72;5;1;2;137000
330;3;59;41;1;5;5;6;67;15;1;2;60000
331;1;35;20;1;9;14;10;72;15;1;1;43000
332;2;45;30;2;2;5;6;56;10;1;2;47000
333;4;76;53;1;2;12;9;85;15;1;1;99000
334;3;56;41;1;1;5;8;83;30;1;0;43000
335;1;24;15;1;5;5;3;75;5;1;0;28000
336;2;43;26;0;1;5;6;72;10;1;0;44000
337;2;44;28;1;1;9;6;97;15;1;1;39000
338;1;38;20;0;12;14;10;29;7;1;1;64000
339;2;57;35;0;4;8;8;18;7;1;2;100000
340;2;39;24;0;1;5;6;87;6;1;0;40000
341;2;45;28;1;3;9;6;74;4;1;0;56000
342;1;38;20;1;9;12;9;102;20;0;2;47000
343;1;35;20;1;1;9;7;109;10;0;0;34000
344;2;61;40;0;2;7;8;29;8;1;0;105000
345;2;52;32;0;2;12;7;72;5;0;0;75000
346;4;97;69;0;2;5;8;117;10;1;0;105000
347;3;79;57;0;5;5;9;35;15;1;2;95000
348;2;45;32;1;2;5;6;96;10;1;2;49000
349;3;60;38;1;2;9;8;104;15;1;1;70000
350;1;36;20;1;12;12;10;115;12;1;2;40000
351;2;44;28;1;3;9;6;119;10;1;0;49000
352;3;68;53;1;9;9;6;61;20;1;1;85000
353;2;43;29;2;5;5;6;96;10;1;2;42000
354;2;60;32;0;4;5;8;69;3;1;2;70000
355;1;32;18;0;7;9;6;83;5;1;2;45000
356;3;66;44;1;5;16;8;56;5;1;1;125000
357;3;74;45;1;2;16;10;106;10;1;2;80000
358;3;50;35;1;7;9;6;85;5;1;1;57000
359;1;32;21;1;3;5;6;112;10;1;2;36000
360;1;34;17;0;5;5;8;62;2;1;0;42000
361;1;38;19;1;17;17;8;91;15;0;2;43000
362;2;41;26;0;3;5;6;49;10;1;2;50000
363;3;59;44;1;3;9;7;117;35;1;2;57500
364;2;45;27;0;3;5;7;26;5;1;0;67000
365;1;36;19;1;7;16;8;94;25;1;1;42000
366;2;43;29;0;2;5;6;105;25;1;2;43000
367;2;44;29;0;5;5;6;43;10;1;2;52000
368;1;35;21;1;9;9;6;78;7;0;1;35000
369;2;54;34;1;3;16;9;46;5;1;1;95000
370;2;54;32;1;2;17;9;63;25;1;2;81000
371;2;52;33;0;6;7;10;95;10;1;0;74000
372;3;60;46;1;6;12;8;78;5;1;1;72000
373;1;32;18;0;6;9;7;122;35;1;2;30000
374;2;39;27;0;2;5;6;104;15;1;0;40000
375;1;32;19;1;7;9;6;119;15;1;0;35000
376;2;44;32;0;1;9;7;104;5;1;0;48000
377;3;83;53;0;5;5;9;72;25;1;2;89000
378;2;44;30;2;4;5;6;96;10;1;2;45000
379;3;58;43;2;3;5;7;68;10;0;2;51000
380;3;58;43;1;6;9;7;121;10;1;1;60000
381;1;35;20;1;3;9;7;121;25;1;0;36000
382;2;56;36;0;2;8;10;19;7;1;0;96000
383;3;72;45;1;5;16;11;61;25;1;1;110000
384;1;39;21;1;4;14;9;61;25;1;1;48000
385;3;90;58;0;5;5;11;53;10;1;2;126000
386;1;35;20;1;2;12;10;85;25;0;0;38000
387;4;76;53;1;2;12;9;85;15;1;1;102000
388;2;37;24;1;6;9;8;13;5;1;2;63000
389;2;44;30;1;6;9;6;68;15;1;2;62000
390;2;56;32;1;12;17;10;63;35;1;1;65000
391;2;45;34;2;7;9;6;40;5;1;2;70000
392;1;31;19;2;1;5;6;46;5;0;0;32000
393;3;63;45;1;2;12;8;111;5;1;2;68000
394;3;49;34;1;8;9;6;68;15;1;1;54000
395;2;53;29;1;8;16;11;94;1;1;1;61000
396;1;33;18;1;4;9;7;46;20;1;0;38000
397;3;62;46;2;5;5;7;40;7;1;0;61000
398;1;32;20;1;5;5;6;103;2;1;2;34000
399;3;78;55;0;2;5;9;90;5;1;0;82000
400;3;80;54;0;4;5;10;60;10;1;2;110000
401;1;38;19;1;6;16;8;36;5;1;1;47000
402;2;53;32;1;13;13;10;88;7;1;1;61000
403;2;45;29;1;7;9;6;87;7;1;1;54000
404;2;80;45;0;3;7;12;28;5;1;2;126000
405;2;42;28;1;5;5;6;107;10;1;2;45000
406;2;45;30;1;10;12;7;44;7;1;1;58000
407;1;33;19;1;9;9;7;104;25;1;0;38000
408;2;58;37;0;5;8;9;18;10;1;2;118000
409;3;74;48;0;12;14;10;49;10;1;1;126000
410;1;33;21;0;1;5;6;69;10;1;0;38000
411;1;32;18;0;8;8;7;43;10;1;2;51000
412;3;80;52;0;2;8;11;16;10;1;0;121000
413;3;65;40;1;1;12;9;75;15;1;1;79000
414;1;37;19;0;2;16;8;51;3;1;0;58000
415;1;35;21;1;12;12;9;105;7;1;2;43000
416;3;55;44;0;8;8;6;28;1;1;2;101000
417;2;47;32;1;14;14;10;105;5;1;2;49000
418;3;69;46;0;2;8;10;19;20;1;0;126000
419;2;43;28;1;2;9;6;119;15;1;1;48000
420;2;43;28;0;4;5;6;105;3;1;2;48000
421;3;60;42;0;2;9;6;6;10;1;0;116000
422;2;57;36;0;4;8;6;26;10;1;2;116000
423;3;83;48;0;4;6;11;16;10;1;2;119000
424;1;40;21;0;3;8;9;43;7;1;2;65000
425;1;35;22;1;9;9;7;46;10;1;1;39000
426;1;38;21;0;6;14;9;68;15;1;1;48000
427;1;29;18;0;2;9;6;105;4;1;0;37000
428;5;100;64;0;2;5;14;16;5;1;0;116000
429;2;56;35;0;3;5;8;103;10;1;0;57000
430;2;44;28;1;5;9;6;75;10;1;0;51000
431;2;38;23;1;3;14;7;96;10;1;1;48000
432;1;30;18;0;1;5;6;121;20;1;0;32000
433;1;34;19;2;2;16;11;117;40;1;1;35000
434;2;72;42;0;1;8;10;43;15;1;0;87000
435;4;86;67;0;2;5;6;5;10;1;2;145000
436;3;99;58;0;2;5;8;103;10;1;0;90000
437;3;59;44;1;5;9;6;61;25;1;1;68000
438;3;54;36;0;1;5;7;76;15;1;0;50000
439;3;69;52;0;4;7;9;39;5;0;2;145000
440;3;56;37;1;3;5;6;60;10;1;2;60000
441;2;39;22;1;12;12;7;73;5;1;2;49000
442;3;56;38;1;3;5;6;60;7;1;2;60000
443;2;70;29;0;2;5;16;25;3;1;0;95000
444;3;54;36;1;2;5;6;62;10;1;2;52000
445;2;44;32;1;1;9;7;102;50;1;1;44000
446;3;75;46;1;2;16;10;54;50;1;1;105000
447;3;58;41;0;5;5;6;104;20;1;2;55000
448;1;32;20;1;2;5;6;102;8;1;2;35000
449;3;59;41;2;5;12;6;51;20;1;2;74000
450;3;56;41;0;5;5;5;51;10;1;2;55000
451;3;72;45;1;17;17;11;8;3;1;1;123000
452;1;33;19;2;6;9;7;117;10;1;0;36000
453;3;58;43;1;4;9;6;121;15;1;1;51000
454;1;35;21;1;9;9;7;102;20;1;2;33000
455;2;46;31;2;5;5;6;102;15;1;2;38500
456;3;72;50;0;1;4;9;126;50;1;0;45000
457;1;32;20;2;5;5;6;116;10;1;2;28000
458;2;46;28;1;2;5;7;117;35;0;0;41500
459;1;37;19;0;9;14;9;13;15;1;1;63000
460;3;55;39;1;15;16;7;103;2;1;0;61000
461;2;44;28;1;3;9;6;54;10;1;0;47000
462;2;65;36;0;8;10;7;27;10;1;2;89000
463;1;33;19;1;6;9;6;121;10;0;0;33000
464;2;41;26;2;15;16;7;100;10;1;0;53000
465;2;51;31;1;13;17;9;68;15;1;1;68000
466;1;33;19;1;1;12;10;103;5;1;0;37000
467;1;33;19;1;6;9;7;68;15;1;0;35000
468;2;40;26;0;3;5;6;98;5;1;2;42000
469;1;38;17;0;3;9;10;22;7;1;2;58000
470;1;35;20;1;2;14;10;109;10;1;1;41000
471;2;45;30;1;1;5;6;67;25;1;0;45000
472;2;46;31;2;13;14;8;62;10;1;2;66000
473;3;82;50;0;8;8;6;0;5;1;0;150000
474;1;36;19;1;6;16;8;109;15;0;1;44000
475;1;34;17;1;5;16;9;103;15;1;1;42000
476;3;73;44;1;1;17;10;75;30;1;0;70000
477;1;38;20;1;9;22;8;102;25;0;2;47000
478;4;78;55;0;3;8;9;68;5;1;2;115000
479;3;96;71;0;5;5;8;95;3;0;0;97000
480;1;34;18;0;9;9;9;39;7;1;1;62000
481;1;33;19;1;2;9;7;97;10;1;0;37000
482;1;31;19;0;2;5;6;103;10;1;2;36000
483;1;36;20;0;1;5;9;67;10;0;0;38000
484;2;54;32;1;2;17;9;95;10;1;1;75000
485;2;49;32;0;2;9;8;117;25;0;1;50000
486;3;67;47;0;8;8;9;26;5;1;2;100000
487;1;32;19;1;9;9;7;94;5;1;0;40000
488;1;32;18;1;5;9;7;88;3;1;0;36000
489;1;39;20;1;12;12;9;109;15;1;1;37000
490;2;45;30;1;9;9;7;116;15;1;2;47000
491;2;39;24;1;12;12;6;68;25;1;2;47000
492;2;43;31;1;5;5;7;37;10;1;2;47000
493;1;35;20;1;5;14;10;95;3;1;1;41000
494;2;38;24;1;13;14;6;83;15;1;1;51000
495;3;60;40;1;3;9;7;54;7;1;1;75000
496;3;59;45;1;8;9;7;75;10;0;1;60000
497;2;56;35;0;1;5;9;63;15;1;0;40000
498;1;33;18;2;6;9;8;42;10;1;0;42000
499;2;48;29;1;1;5;6;62;20;1;0;48000
500;2;47;29;1;1;12;7;111;3;1;1;45000
501;3;75;45;1;8;17;11;121;45;1;1;70000
502;4;100;74;0;6;6;11;50;10;1;0;115000
503;1;38;20;1;16;17;9;8;10;1;2;58000
504;2;59;36;0;7;8;9;3;10;1;2;105000
505;1;34;19;1;2;16;10;69;3;1;1;40000
506;3;72;47;0;8;15;9;19;15;1;1;132000
507;2;58;32;1;9;12;9;52;10;1;1;80000
508;2;60;34;1;11;12;10;91;25;0;1;68000
509;3;64;46;1;11;12;7;104;5;1;1;71000
510;3;63;43;1;1;12;9;18;15;1;0;71000
511;1;41;21;1;6;12;9;112;15;1;1;44000
512;2;40;26;1;1;12;8;102;10;1;0;55000
513;2;60;37;0;1;3;8;130;10;0;0;30000
514;3;63;45;2;12;12;8;117;30;1;2;55000
515;2;50;29;1;11;22;6;63;25;1;1;68000
516;3;64;44;1;6;9;7;106;10;1;1;70000
517;3;75;45;1;10;17;11;49;25;1;1;105000
518;2;58;30;0;6;9;8;128;15;0;1;32000
519;1;47;20;0;9;9;9;127;10;0;1;19500
520;2;47;30;0;3;5;6;68;10;0;0;47000
521;1;32;19;0;7;9;7;109;25;0;0;31000
522;3;54;39;1;6;16;7;103;3;1;0;65000
523;1;21;13;0;4;9;3;62;10;1;0;32000
524;2;53;32;1;8;17;10;91;45;0;2;57000
525;1;33;18;0;1;14;8;94;10;1;0;37000
526;1;32;19;0;4;5;6;114;12;1;2;37000
527;2;54;32;1;3;16;10;91;35;0;2;58000
528;3;70;44;0;4;5;8;56;7;1;2;93000
529;3;60;41;1;5;12;6;51;5;1;2;80000
530;3;68;44;1;8;9;78;125;15;0;2;42000
531;1;38;19;1;3;14;8;91;15;0;2;45000
532;2;70;48;0;7;9;8;6;10;1;2;135000
533;3;77;50;0;5;5;10;48;5;1;2;102000
534;2;56;32;1;7;17;11;94;12;1;1;63000
535;1;33;18;1;6;9;7;94;5;1;0;38000
536;3;73;54;0;3;6;8;10;10;1;2;132000
537;2;56;29;0;4;6;8;5;7;1;0;100000
538;2;58;36;0;4;6;9;26;5;1;2;99000
539;2;53;30;0;7;9;9;95;15;1;0;64000
540;1;35;19;1;1;9;10;62;15;1;1;42000
541;4;101;65;1;8;22;11;121;50;0;1;100000
542;3;80;46;1;9;15;12;46;10;1;1;150000
543;2;60;34;1;11;17;10;91;10;0;1;68000
544;3;64;46;1;11;12;7;104;5;1;1;71000
545;1;33;17;2;7;9;8;41;5;1;1;46000
546;1;38;20;1;11;22;10;42;2;1;0;56500
547;2;45;29;0;1;5;6;28;7;1;0;48000
548;2;47;31;1;4;9;6;80;5;0;2;51000
549;3;55;37;0;1;4;6;102;10;1;0;49000
550;3;57;41;0;3;8;7;58;5;1;2;85000
551;3;56;37;1;1;5;6;103;5;0;0;48000
552;6;113;90;0;2;4;9;44;5;1;0;115000
553;3;86;58;0;4;6;12;115;15;0;2;85000
554;2;45;31;1;3;5;6;61;5;1;2;44000
555;2;63;36;0;6;10;14;18;10;1;2;125000
556;1;36;19;1;12;12;10;60;5;1;2;51000
557;1;44;29;0;1;5;6;72;4;1;0;47000
558;1;32;20;0;4;5;6;53;7;1;2;44000
559;2;53;31;1;8;14;9;63;50;0;2;63000
560;2;48;30;2;4;5;9;119;30;1;2;32000
561;3;60;38;1;4;9;8;19;15;1;1;100000
562;4;63;46;1;2;9;7;109;15;1;1;65000
563;3;70;40;0;2;8;16;25;7;1;0;125000
564;1;32;18;1;4;9;7;77;10;1;0;39000
565;2;53;32;1;4;16;9;94;25;1;1;58500
566;3;69;47;0;4;8;9;19;25;1;2;120000
567;2;55;43;0;5;6;6;16;6;1;2;100000
568;1;32;19;0;5;5;8;103;10;1;0;47000
569;2;44;28;0;2;9;7;117;25;1;0;48000
570;3;73;54;0;3;6;8;10;10;1;2;115000
571;2;56;29;0;4;6;8;5;7;1;0;100000
572;2;45;39;1;8;9;7;119;10;1;0;45000
573;3;63;43;1;1;12;9;18;25;1;0;71000
574;2;55;32;1;5;16;13;88;15;1;1;64000
575;1;33;20;1;1;9;7;80;15;1;0;35000
576;1;40;21;1;9;14;10;110;25;1;2;41000
577;2;43;27;0;1;5;6;103;10;1;0;39000
578;2;57;34;0;3;9;10;68;7;1;2;85000
579;2;58;35;0;8;8;8;48;2;1;2;74500
580;1;35;20;1;6;9;7;121;35;1;1;37000
581;2;62;30;0;2;5;8;112;35;0;2;53000
582;2;39;24;0;8;9;7;121;35;1;2;40000
583;3;76;51;0;5;8;9;19;10;1;2;130000
584;3;60;39;1;9;9;8;78;5;1;1;60000
585;3;64;46;1;12;12;8;83;35;1;1;63000
586;2;44;29;1;2;9;6;119;7;1;1;45000
587;2;55;35;0;2;5;8;68;10;1;2;74000
588;3;82;51;0;7;8;10;60;10;1;0;123000
589;3;60;42;0;3;8;8;20;10;1;2;110000
590;3;74;51;0;3;5;9;51;5;1;2;117000
591;2;60;31;0;9;14;10;46;10;0;1;115000
592;1;37;18;1;4;23;9;49;25;1;1;47500
593;3;68;38;0;1;5;10;2;10;1;0;120000
594;3;56;40;0;5;5;7;117;10;1;2;55000
595;2;48;28;1;4;5;10;119;50;1;2;43000
596;3;63;45;1;12;12;8;117;25;0;2;51000
597;2;45;29;1;1;5;6;119;5;1;0;39000
598;2;43;29;1;3;9;6;119;15;1;1;52000
599;3;63;44;0;3;5;12;69;5;1;2;89000
600;2;46;30;1;9;9;6;117;35;1;1;49000
601;3;70;44;0;3;14;8;57;8;1;1;110000
602;3;75;46;1;14;16;10;54;5;1;2;117000
603;3;60;43;1;8;9;6;106;5;1;1;65000
604;1;32;21;1;1;9;6;79;5;1;0;37000
605;3;55;38;2;2;5;6;102;15;1;2;60000
606;1;43;22;1;1;9;6;72;5;1;0;35000
607;2;65;36;0;3;5;9;75;10;1;2;85000
608;3;65;45;1;6;12;7;106;6;1;1;70000
609;2;53;31;1;3;17;10;91;35;0;2;59000
610;2;48;33;1;5;12;7;117;35;1;1;51000
611;2;46;30;1;8;12;7;94;25;1;1;50000
612;1;35;19;1;3;14;10;113;25;1;1;40000
613;2;47;31;2;4;12;9;104;7;1;2;59000
614;1;31;18;0;1;5;7;67;10;1;0;35000
615;2;38;24;1;2;12;7;94;10;1;2;47000
616;3;86;53;0;6;8;12;21;10;1;2;135000
617;2;43;29;0;3;9;6;57;5;1;2;57000
618;2;46;31;2;4;5;7;117;7;1;2;39000
619;2;48;30;1;1;12;8;113;10;1;1;37000
620;3;74;44;1;15;16;11;31;1;1;3;137000
621;1;36;20;1;4;16;10;104;10;1;1;41000
622;1;35;20;2;11;12;10;97;10;1;1;43000
623;2;60;33;0;5;5;7;116;30;1;2;50000
624;2;45;33;1;2;5;6;37;12;1;0;43000
625;2;55;36;0;4;6;6;5;5;1;2;100000
626;2;43;29;0;4;5;6;51;1;1;2;55000
627;1;31;21;0;1;9;6;66;5;1;0;36000
628;2;47;32;1;10;14;9;103;10;1;1;55000
629;1;30;15;0;4;5;6;37;15;1;2;36000
630;2;52;31;1;12;12;10;88;5;1;2;56000
631;1;34;19;1;9;9;6;61;15;1;0;42000
632;2;43;29;0;4;9;6;67;10;1;2;84000
633;2;43;28;1;9;9;7;54;10;1;1;56000
634;3;57;42;0;2;9;6;6;10;1;0;92000
635;3;62;46;1;2;5;7;117;25;0;0;59000
636;1;38;18;1;14;14;8;54;35;1;2;40000
637;3;75;46;1;9;16;10;40;15;1;3;135000
638;2;35;23;1;1;5;6;72;35;1;2;36000
639;2;45;30;0;2;9;6;14;10;1;0;65000
640;3;60;43;0;7;9;6;51;10;1;2;75000
641;2;41;29;0;5;5;6;103;25;1;2;42000
642;3;62;39;1;8;9;8;41;10;1;2;80000
643;1;29;16;0;5;6;6;116;25;1;2;33000
644;2;44;30;0;1;5;6;103;10;1;0;39000
645;3;80;55;0;2;5;10;7;10;1;0;140000
646;2;45;29;1;1;5;7;104;15;0;0;39000
647;1;39;19;1;5;17;9;78;5;0;1;46500
648;2;46;27;1;5;5;7;104;15;1;0;45500
649;2;54;33;0;4;8;9;16;1;1;2;92000
650;3;60;45;1;8;14;7;109;15;1;2;65000
651;2;39;21;1;8;12;10;121;25;1;2;41000
652;2;42;28;1;5;5;7;83;10;0;0;43000
653;1;39;20;1;20;22;10;40;15;1;2;70000
654;3;76;46;1;14;16;10;67;15;1;3;92000
655;3;57;42;0;2;5;6;56;10;1;2;53000
656;3;77;52;0;3;8;8;100;2;1;2;89000
657;1;38;19;1;12;24;9;46;7;1;2;69000
658;1;35;17;0;3;17;9;1;5;1;1;74000
659;4;96;68;0;5;8;9;68;15;1;2;134000
660;3;75;46;1;17;17;10;32;5;1;1;100000
661;2;45;27;1;3;5;7;94;7;1;0;45000
662;1;31;18;1;5;5;7;105;5;1;0;33000
663;2;55;32;1;12;12;9;63;35;1;2;61000
664;2;46;28;2;4;5;7;107;1;1;0;49500
665;3;67;46;0;4;5;8;67;25;1;2;78000
666;2;49;30;0;4;5;8;67;25;1;2;60000
667;1;31;19;1;4;5;6;68;10;1;2;35000
668;2;47;30;1;4;12;7;88;10;1;1;53000
669;1;32;18;0;8;9;6;19;7;1;2;46000
670;1;38;19;1;5;17;9;109;50;0;1;42000
671;3;57;42;1;3;5;6;112;10;1;2;61000
672;3;80;56;1;7;14;9;120;35;0;2;77000
673;3;58;38;1;9;9;7;76;5;1;2;67000
674;4;90;60;1;2;14;9;68;35;1;1;95000
675;1;33;18;1;2;9;7;78;2;1;0;39000
676;3;58;44;1;1;9;6;94;20;1;1;55000
677;2;46;30;1;8;12;7;78;25;1;1;50000
678;3;68;53;1;9;9;6;61;8;1;1;74000
679;2;63;38;1;4;5;7;62;7;0;2;85000
680;1;33;18;1;6;9;7;94;10;1;0;40000
681;2;45;27;1;3;5;6;78;20;1;0;46000
682;1;32;17;2;12;12;9;68;30;1;1;41000
683;2;58;35;0;3;5;8;64;12;1;2;65000
684;2;51;31;1;14;17;9;120;25;1;2;51000
685;3;64;52;0;5;5;10;73;7;1;2;125000
686;2;54;32;0;6;15;9;112;3;1;1;70000
687;3;74;48;0;13;15;9;112;3;1;1;100000
688;3;90;59;0;5;5;10;39;10;1;2;90000
689;2;44;27;0;5;5;5;118;7;1;2;40000
690;2;45;30;2;5;5;6;73;15;1;2;41000
691;1;35;19;2;14;15;10;68;25;1;1;36000
692;3;59;45;1;3;9;6;75;15;1;2;70000
693;2;60;34;1;11;17;10;91;20;0;1;66000
694;1;27;17;0;4;9;7;35;3;1;1;45000
695;2;54;32;1;12;17;9;40;25;1;2;59000
696;1;33;19;1;7;9;7;72;15;1;0;43000
697;2;62;36;0;5;5;9;67;20;1;0;65000
698;2;80;44;1;4;4;20;97;35;1;0;115000
699;2;50;29;1;5;9;5;46;10;1;0;54000
700;2;53;32;1;7;16;9;92;7;1;1;60000
701;3;85;55;0;5;5;9;72;10;1;2;90000
702;1;41;21;1;7;14;9;63;35;0;1;39000
703;2;52;29;2;7;16;13;45;15;1;1;78000
704;2;44;28;1;9;9;6;87;5;1;0;50000
705;2;51;30;1;14;17;9;88;15;1;2;65000
706;2;44;28;1;2;5;7;117;15;1;2;44000
707;3;76;42;0;5;10;10;29;5;1;2;108000
708;3;68;46;0;4;9;8;13;7;1;2;111000
709;2;51;31;2;2;12;9;121;5;1;0;57000
710;2;51;31;1;10;17;9;120;20;0;2;50000
711;1;35;19;1;2;12;10;85;15;0;0;40000
712;1;30;17;0;7;9;6;22;10;1;2;43000
713;1;32;20;1;1;5;6;116;10;0;0;31000
714;1;33;21;1;1;5;6;69;20;1;0;30000
715;2;46;27;1;5;5;6;75;10;1;2;47000
716;3;59;42;2;4;5;6;116;10;1;2;52000
717;2;45;28;1;5;5;7;104;15;1;0;49000
718;1;33;18;1;2;9;7;78;2;1;0;39000
719;2;37;24;1;3;12;6;102;10;1;2;45000
720;1;34;20;1;1;9;8;92;5;1;1;36000
721;3;54;37;1;4;5;7;102;15;1;2;56000
722;2;54;32;1;7;17;10;77;15;1;2;63000
723;2;47;27;0;1;8;8;24;5;1;0;75000
724;2;54;32;1;10;17;9;121;25;1;2;48000
725;2;61;40;0;2;7;8;29;7;1;0;95000
726;2;42;28;0;4;5;6;104;15;1;2;43500
727;2;35;21;0;3;9;7;116;15;1;2;54000
728;2;43;28;0;1;5;5;5;4;1;0;60000
729;2;52;30;1;5;12;9;111;15;0;1;53000
730;2;57;34;0;11;12;9;18;5;1;2;100000
731;3;71;53;1;9;9;6;61;7;1;1;74000
732;1;33;19;1;2;9;7;109;10;1;0;44000
733;3;68;49;1;6;9;6;119;10;1;1;73000
734;4;77;56;0;2;5;8;100;15;1;0;87000
735;2;55;32;1;12;17;9;63;20;1;2;60000
736;4;111;66;0;4;5;11;23;3;1;0;137000
737;1;37;20;1;14;16;10;80;20;1;1;51000
738;3;80;56;1;7;14;9;120;25;1;2;77000
739;2;39;24;2;6;12;7;122;35;1;2;34000
740;2;44;28;0;8;9;7;119;10;1;0;47000
741;1;31;19;0;8;8;5;16;5;1;2;55000
742;3;62;44;0;1;5;6;58;10;1;0;67000
743;1;33;19;1;2;9;7;94;5;1;0;39000
744;2;45;28;2;2;12;7;79;15;1;2;55000
745;3;70;44;0;4;5;8;56;7;1;2;93000
746;1;38;19;1;16;16;9;45;20;1;1;46000
747;3;79;53;0;3;8;8;62;5;1;2;135000
748;3;88;58;0;4;8;12;32;2;1;3;135000
749;4;99;67;0;3;6;10;25;5;1;2;145000
750;3;73;44;0;5;8;12;21;5;1;2;135000
751;2;44;28;0;3;5;6;30;10;1;2;49000
752;1;35;22;1;7;12;8;92;12;1;0;39000
753;2;38;25;0;4;9;6;17;5;1;2;65000
754;1;33;22;2;8;9;6;116;5;1;2;37000
755;1;32;21;1;7;9;6;49;3;1;2;43500
756;2;45;28;1;9;9;6;97;15;0;0;45000
757;3;67;44;0;5;5;7;121;15;1;0;60000
758;3;73;44;1;15;17;10;8;3;1;2;140000
759;2;63;39;0;1;9;9;40;10;1;0;76000
760;1;32;21;2;2;9;6;102;15;0;0;34000
761;1;31;19;0;2;5;6;105;20;1;2;36000
762;3;60;38;1;5;9;9;78;10;1;2;70000
763;4;101;73;0;5;5;9;39;12;1;0;145000
764;3;100;66;0;4;8;12;35;5;1;0;141000
765;3;72;44;1;10;17;9;52;15;1;1;125000
766;2;60;32;0;6;10;11;84;7;1;2;75000
767;2;51;31;2;4;12;11;60;10;1;1;62000
768;3;83;52;0;9;14;8;82;10;1;0;97000
769;3;66;46;1;3;5;8;52;15;1;0;67000
770;3;81;57;0;4;8;10;40;15;1;2;140000
771;3;61;37;0;8;8;10;19;7;1;2;104000
772;3;73;49;0;2;8;9;19;10;1;0;141000
773;3;66;44;1;7;12;11;106;15;1;1;69000
774;2;42;26;2;2;5;6;13;7;1;2;52000
775;2;56;34;0;1;9;9;19;10;1;0;72000
776;3;59;43;1;5;5;6;76;20;1;2;58000
777;2;46;31;1;5;5;7;83;7;1;0;50000
778;4;83;57;0;2;5;10;37;10;1;0;128000
779;2;44;28;1;2;12;8;88;10;0;1;45000
780;1;32;18;1;3;9;7;40;20;1;1;47000
781;2;45;32;1;2;5;7;40;4;1;2;62000
782;2;52;32;0;4;8;8;40;10;1;2;90000
783;1;40;20;1;19;22;10;120;30;1;0;40000
784;1;34;21;0;4;4;6;111;30;1;0;33000
785;3;60;39;1;1;9;10;104;10;1;1;70000
786;3;79;54;0;8;8;8;68;10;1;2;110000
787;2;64;39;0;2;8;8;43;15;1;0;90000
788;1;37;20;0;3;3;10;105;10;1;0;38000
789;4;73;53;0;2;5;9;26;5;1;0;99000
790;2;49;34;2;2;12;7;119;15;1;1;50000
791;1;33;19;1;6;9;7;104;25;1;0;38000
792;2;43;27;1;5;5;6;115;25;1;2;44000
793;3;53;38;0;5;5;6;83;5;1;2;59000
794;1;34;19;1;1;12;10;104;15;1;0;35000
795;3;64;44;2;5;6;8;35;7;1;0;90000
796;3;75;45;1;11;16;11;92;2;1;1;85000
797;2;45;28;1;9;14;7;67;25;1;2;60000
798;3;53;36;0;5;5;6;72;25;1;2;57000
799;2;45;32;2;1;5;6;97;10;1;2;46000
800;4;72;51;0;1;6;7;39;7;1;0;100000
801;3;75;46;1;10;17;11;91;25;0;1;86000
802;3;75;46;1;7;17;10;91;25;0;3;86000
803;3;75;46;1;13;14;10;91;25;0;1;86000
804;2;54;31;1;10;14;9;91;25;1;2;60000
805;4;101;66;1;17;22;11;91;25;0;1;125000
806;2;45;30;1;9;9;7;117;25;0;1;46000
807;2;57;35;0;5;5;8;37;15;1;2;75600
808;2;45;28;0;1;5;7;117;20;1;0;37000
809;3;82;57;2;2;4;9;14;15;1;0;123000
810;1;34;19;1;8;12;10;113;20;1;0;39000
811;3;67;46;1;16;16;8;69;15;1;1;84000
812;3;75;45;1;4;17;10;109;15;1;1;85000
813;1;33;20;1;3;9;7;117;15;1;0;35000
814;2;53;32;0;8;14;10;58;5;1;2;65000
815;2;55;32;1;9;17;9;91;10;1;2;60000
816;2;50;32;0;4;5;6;2;5;1;0;90000
817;1;33;19;1;9;9;7;42;5;1;0;45000
818;2;45;30;0;5;9;7;117;15;1;2;48000
819;1;33;19;1;6;9;7;83;15;1;0;42000
820;2;38;24;1;9;12;7;117;20;1;2;40000
821;3;59;45;1;2;9;6;94;10;1;0;63000
822;3;68;48;1;12;12;7;61;30;1;2;80000
823;1;41;21;1;4;12;9;121;50;0;1;30000
824;3;58;43;0;6;8;7;43;9;1;2;77000
825;2;45;29;1;13;14;6;98;10;1;2;52000
826;1;30;16;1;1;9;6;68;35;0;2;35000
827;2;43;32;1;3;5;6;103;7;1;2;47000
828;2;62;35;1;20;22;10;54;7;1;1;91000
829;2;54;32;1;13;16;10;47;25;1;2;92000
830;2;58;34;1;3;17;11;42;5;1;1;93000
831;3;66;50;0;4;5;8;121;5;1;2;80000
832;1;31;19;1;2;5;7;110;25;1;2;33000
833;2;43;27;0;4;5;6;92;10;0;2;42000
834;1;39;21;1;2;12;9;113;25;1;0;37500
835;2;45;28;1;6;9;6;102;20;1;0;47000
836;2;44;30;1;3;5;7;117;35;1;0;40000
837;2;52;31;1;8;12;9;68;50;1;2;59000
838;2;46;30;1;1;9;8;62;15;1;0;55000
839;4;63;46;1;8;9;6;47;5;1;1;75000
840;3;57;42;2;5;5;6;62;20;1;2;60000
841;3;59;44;2;4;9;6;68;25;1;2;65000
842;3;73;52;0;5;5;9;18;15;1;2;91000
843;1;30;19;0;5;5;6;7;2;1;2;48000
844;3;59;41;1;5;5;6;67;10;1;2;60000
845;1;35;18;0;5;14;9;68;10;1;1;58000
846;2;51;31;2;3;12;10;68;15;1;0;55000
847;3;73;53;0;3;5;9;86;10;1;2;91000
848;2;59;34;1;11;17;10;113;25;1;1;66000
849;2;45;30;1;4;5;6;58;7;1;2;48000
850;3;58;42;1;7;9;6;61;25;1;1;65000
851;3;64;44;2;10;12;7;31;5;1;1;97000
852;1;36;19;1;5;12;10;97;5;1;2;40000
853;1;36;15;1;2;17;9;109;30;0;2;38000
854;1;36;15;1;17;17;9;109;25;0;2;38000
855;1;33;20;1;1;5;7;103;2;1;0;36000
856;1;33;19;0;5;5;7;103;5;1;2;36000
857;3;85;62;0;4;5;8;6;5;1;0;144000
858;2;65;34;0;8;8;14;5;1;1;2;130000
859;5;95;66;0;2;2;14;34;5;1;0;97000
860;3;73;54;0;3;6;8;10;10;1;2;133000
861;2;56;34;0;3;5;8;75;10;1;2;68000
862;3;71;49;0;4;8;9;20;5;1;2;133000
863;2;58;36;0;4;5;10;72;10;1;0;67000
864;2;52;32;2;5;10;10;95;7;1;1;60000
865;2;55;34;0;6;8;9;60;7;1;0;80000
866;3;56;38;1;1;5;7;85;20;1;0;48000
867;2;43;28;0;4;9;6;67;20;1;2;61000
868;2;52;34;0;8;12;7;6;15;1;2;100000
869;1;37;21;1;7;9;9;117;25;0;1;42000
870;3;73;50;0;5;5;6;23;15;1;0;130000
871;2;57;33;1;17;17;11;68;50;1;1;57000
872;2;46;32;1;5;5;7;83;10;1;0;52000
873;3;65;45;1;6;12;7;106;5;1;1;68000
874;1;42;20;1;10;14;10;97;35;0;1;39000
875;3;70;47;0;5;8;9;19;25;1;2;146000
876;2;39;23;1;6;9;8;47;5;0;2;44000
877;3;55;37;1;3;5;6;73;14;1;2;59000
878;2;54;32;1;12;12;10;91;20;1;2;58000
879;1;40;20;1;22;22;9;91;20;0;2;45000
880;1;35;22;0;6;6;6;30;3;1;2;47000
881;1;30;18;0;2;5;6;35;10;1;2;43000
882;2;45;27;1;3;5;6;78;15;1;0;45000
883;2;52;32;0;11;14;9;105;10;1;1;59250
884;2;58;38;1;4;9;6;80;10;1;2;60640
885;2;52;31;0;2;10;7;18;5;1;0;112000
886;2;54;35;0;1;9;6;18;5;1;0;80970
887;4;100;58;0;2;7;13;20;5;1;0;135000
888;1;32;20;2;1;5;6;102;2;1;0;34000
889;2;64;38;0;3;7;16;13;2;1;0;100000
890;2;56;34;0;1;9;9;19;10;1;0;72000
891;3;67;37;0;9;18;9;49;10;1;1;115000
892;3;62;40;2;1;14;7;89;2;1;0;60000
893;1;39;21;1;12;14;9;102;15;1;1;41000
894;2;75;44;0;7;7;12;68;10;1;2;97000
895;2;51;31;1;10;14;9;80;10;1;2;61000
896;1;39;19;1;9;12;9;109;30;0;2;38000
897;3;76;49;1;14;17;11;8;5;1;3;138000
898;3;63;46;1;1;9;7;80;8;1;0;55000
899;2;45;32;1;5;5;6;40;3;1;2;58500
900;1;30;17;1;3;9;8;78;15;1;0;38000
901;1;35;18;0;5;5;8;39;10;1;2;38500
902;3;72;46;0;6;7;9;35;10;1;2;105000
903;2;51;31;1;3;17;9;8;7;1;2;85000
904;3;67;46;1;3;16;10;41;15;0;1;104000
905;2;54;33;1;13;16;9;35;4;1;2;63000
906;1;35;20;2;8;12;10;90;20;1;1;43000
907;1;31;17;2;4;5;6;98;10;1;2;37000
908;2;43;28;2;4;5;6;83;10;1;0;45000
909;3;76;48;0;6;8;13;4;7;1;1;140000
910;3;66;43;1;13;14;9;88;20;0;2;71000
911;1;36;16;0;14;16;8;116;7;0;1;44000
912;2;43;29;0;8;9;6;117;20;1;2;48000
913;2;50;30;1;11;12;9;88;10;1;2;65000
914;1;31;18;1;4;5;6;116;25;1;2;34000
915;2;60;36;0;4;8;6;5;2;1;2;90000
916;3;75;50;0;9;9;9;13;7;1;2;123000
917;2;55;35;0;6;8;9;37;3;1;2;105000
918;3;51;44;0;2;5;6;51;15;1;2;75000
919;1;33;17;1;5;12;9;56;7;1;1;47000
920;4;97;62;1;11;22;11;92;5;1;0;115000
921;3;76;46;1;9;16;11;54;5;1;3;108000
922;2;63;36;0;6;9;8;27;2;1;2;105000
923;3;59;46;1;7;9;6;75;10;1;1;75000
924;2;47;30;1;5;9;6;46;10;1;2;55000
925;2;37;22;2;6;9;8;116;10;1;2;36000
926;2;42;27;0;2;5;7;104;25;1;2;35000
927;2;48;29;2;4;5;9;119;10;0;2;30000
928;3;97;71;0;5;5;8;95;3;0;0;85000
929;2;43;29;0;2;5;6;30;10;0;2;55000
930;1;50;23;0;7;14;9;83;10;1;1;115000
931;2;36;21;1;2;5;6;103;12;1;2;41000
932;3;60;42;2;1;14;7;89;4;1;0;63000
933;2;45;30;1;8;12;8;61;20;1;1;62000
934;3;53;38;0;6;9;5;69;10;1;2;60000
935;2;41;28;0;1;5;6;119;35;1;0;24000
936;2;42;30;1;5;5;6;106;25;1;3;33000
937;3;61;43;1;2;9;6;54;5;1;1;77000
938;2;47;31;1;2;9;7;75;10;1;0;55000
939;2;53;32;1;6;22;10;121;15;1;2;60000
940;3;71;50;0;7;8;8;19;15;1;2;107000
941;3;79;55;0;2;4;8;10;10;1;0;131000
942;3;83;53;0;5;5;9;72;25;1;2;80000
943;1;31;19;0;1;5;7;103;5;1;0;30000
944;2;52;30;1;4;12;9;92;10;1;2;61000
945;1;18;13;0;5;5;4;102;3;1;0;22000
946;1;34;20;2;4;9;7;88;7;1;1;38000
947;3;65;44;1;3;9;6;121;35;1;2;56000
948;3;58;43;1;9;9;6;119;10;1;2;63000
949;2;46;32;1;1;12;7;109;25;1;1;45000
950;1;38;20;1;10;12;9;53;20;1;1;48000
951;2;44;30;1;3;5;6;40;5;1;1;49000
952;2;52;34;1;10;12;9;113;25;1;2;50000
953;1;34;21;1;7;16;8;113;10;1;2;36000
954;2;61;38;0;2;5;8;104;10;1;0;60000
955;2;45;30;1;8;12;8;61;25;1;1;62000
956;1;33;18;1;5;9;7;117;35;1;1;40000
957;3;70;48;0;7;8;9;30;5;1;2;125000
958;3;85;59;0;2;10;9;43;10;1;2;120000
959;3;75;42;0;6;8;9;16;5;1;2;120000
960;2;45;28;1;3;9;7;104;25;1;2;55000
961;4;80;60;1;1;14;10;75;15;1;0;93000
962;3;75;45;2;1;17;12;80;7;1;2;115000
963;1;31;18;1;4;5;6;112;1;0;2;33000
964;1;34;19;1;3;9;7;54;7;1;0;43000
965;1;34;19;1;4;9;7;54;7;1;0;43000
966;3;63;48;0;3;12;8;129;5;0;3;33000
967;1;28;15;1;12;12;8;77;7;1;1;33000
968;4;95;65;0;10;10;9;99;7;1;2;125000
969;1;35;20;1;12;16;10;97;15;0;1;44000
970;2;45;31;1;1;5;6;115;25;1;0;39000
971;3;58;39;2;8;9;6;111;5;0;2;50000
972;2;35;21;0;5;9;6;29;15;1;2;50000
973;3;63;40;1;8;9;9;67;15;1;1;83000
974;1;35;21;1;3;9;7;42;7;1;1;43000
975;1;32;22;1;6;9;7;104;15;1;2;36500
976;4;77;55;0;6;7;7;43;15;1;2;105000
977;3;75;46;1;5;17;10;91;25;0;3;89500
978;3;72;46;1;3;17;11;91;7;1;1;90000
979;2;52;31;1;5;16;9;91;15;0;1;60000
980;1;40;20;1;19;22;10;91;25;0;2;47000
981;2;58;37;0;8;9;10;29;15;1;2;100000
982;4;84;61;0;3;5;9;87;20;1;2;88000
983;2;42;28;0;3;5;6;91;5;1;2;50000
984;3;75;44;1;11;17;11;63;35;1;3;90000
985;1;33;18;1;2;9;6;121;35;1;0;31000
986;3;58;38;0;9;9;6;21;2;0;2;85000
987;3;58;44;1;2;5;6;72;25;1;2;62000
988;2;45;29;1;3;9;6;42;5;1;0;60000
989;3;75;46;1;16;17;9;121;35;1;1;76000
990;2;41;27;0;5;5;6;49;15;1;2;41000
991;3;89;57;0;5;8;12;68;5;1;2;138000
992;2;51;31;0;2;6;8;29;5;1;0;78000
993;1;39;20;1;1;14;10;121;50;1;0;35000
994;3;71;43;1;6;23;10;8;4;1;1;116000
995;1;35;22;1;7;12;8;92;12;1;0;42000
996;3;76;46;1;6;17;11;91;35;1;3;92000
997;1;40;20;1;10;17;10;97;25;1;2;41000
998;1;33;18;0;6;7;9;30;5;1;2;73000
999;3;81;53;0;6;7;11;51;7;1;2;130000
1000;2;41;26;0;1;5;7;79;15;1;0;38500
1001;1;33;17;1;2;5;9;69;13;1;0;40000
1002;2;57;32;1;4;17;9;91;35;0;2;66000
1003;2;54;32;1;14;14;9;57;20;1;2;70000
1004;2;44;28;1;3;9;6;74;4;1;0;55000
1005;1;33;18;0;4;5;7;69;5;1;2;40000
1006;3;54;36;0;8;8;6;36;5;1;2;80000
1007;3;80;55;0;5;8;10;56;3;1;2;115000
1008;2;63;34;0;2;8;10;5;5;1;0;150000
1009;3;55;40;0;1;5;6;60;5;1;0;60000
1010;3;82;57;0;4;5;9;30;10;1;2;110000
1011;2;64;42;0;4;6;7;60;20;1;2;84000
1012;2;60;30;0;5;8;11;16;5;1;0;137000
1013;2;41;27;1;5;5;6;83;15;1;2;46000
1014;2;53;33;1;4;14;10;55;1;1;0;58000
1015;1;31;19;2;4;5;6;37;15;1;2;40000
1016;1;42;18;0;3;14;10;0;5;1;0;125000
1017;2;54;32;1;4;16;10;63;7;1;2;82500
1018;2;52;32;1;2;12;10;88;5;1;0;58000
1019;3;74;45;1;7;17;10;92;20;1;2;83000
1020;2;54;32;1;10;16;9;45;10;1;2;75000
1021;1;38;19;1;6;16;9;92;7;1;1;46000
1022;3;64;46;1;11;12;7;104;5;1;3;70000
1023;3;66;46;0;1;8;8;102;10;1;0;70000
1024;2;54;34;0;8;9;7;38;30;1;2;81000
1025;1;40;21;1;4;12;9;64;15;1;1;52830
1026;2;53;34;1;7;12;10;61;15;1;2;75620
1027;2;47;26;0;4;5;11;12;10;1;2;85250
1028;1;33;18;1;5;9;7;102;15;1;0;42000
1029;2;59;34;1;16;17;11;104;2;1;1;80000
1030;1;30;19;0;2;5;6;121;3;1;2;36000
1031;2;55;32;1;3;17;9;91;35;1;2;62000
1032;3;77;50;0;3;8;10;19;15;1;2;134000
1033;3;63;39;0;4;5;9;31;10;1;2;77000
1034;1;35;20;1;5;14;10;109;10;1;1;42000
1035;2;45;28;1;4;9;6;121;15;1;0;44000
1036;1;32;21;1;8;12;7;86;5;1;2;40000
1037;3;83;56;0;2;8;8;43;10;1;0;127000
1038;3;45;33;0;2;5;6;79;15;1;0;52000
1039;3;105;69;0;3;5;13;85;25;1;2;135000
1040;3;76;47;1;1;16;10;42;3;1;0;90000
1041;1;33;19;1;5;9;7;119;7;1;0;39000
1042;4;83;63;0;3;6;7;30;5;1;2;145000
1043;2;43;27;0;2;8;7;19;10;1;1;80000
1044;1;33;20;0;6;8;6;79;10;0;2;37000
1045;1;37;19;1;23;23;9;75;15;1;2;47000
1046;1;33;18;2;6;9;8;100;25;0;0;31000
1047;1;32;21;1;1;9;6;87;25;0;0;29000
1048;1;38;20;1;2;22;10;54;10;1;2;55000
1049;1;33;17;1;2;5;9;102;7;1;0;38000
1050;1;38;19;1;10;22;10;92;5;0;2;44000
1051;2;55;33;1;5;17;10;88;10;1;2;59000
1052;1;28;17;0;4;12;7;35;2;0;1;36000
1053;1;30;15;1;2;5;6;117;25;1;0;32000
1054;1;35;19;2;2;12;10;22;10;1;0;60000
1055;3;67;44;1;16;16;10;45;10;1;2;92000
1056;1;35;19;1;7;16;10;105;5;1;1;44000
1057;2;44;29;0;9;9;6;97;2;1;2;49000
1058;2;54;34;1;10;16;10;54;10;1;2;75000
1059;2;40;23;1;11;12;8;70;10;1;2;47000
1060;2;39;24;1;2;14;7;113;25;1;1;42000
1061;3;83;55;0;5;9;8;35;5;1;2;140000
1062;2;35;22;0;8;9;7;28;1;1;2;55000
1063;2;57;32;1;9;17;11;42;1;1;2;92000
1064;3;85;60;0;1;5;9;100;25;1;1;100000
1065;2;36;26;1;6;8;6;43;3;1;2;55000
1066;1;38;19;1;6;16;9;119;15;0;1;40000
1067;4;89;57;1;5;14;9;78;10;1;1;95000
1068;1;30;16;1;1;5;7;83;3;1;0;31000
1069;2;39;24;2;2;12;6;97;5;1;0;44000
1070;2;41;26;0;1;5;6;103;10;1;0;40000
1071;1;31;19;1;3;5;6;31;10;1;2;41000
1072;1;34;18;1;8;9;8;41;10;1;0;45000
1073;3;80;52;0;1;4;10;72;10;1;0;95000
1074;1;32;19;1;8;9;7;117;25;0;0;33000
1075;3;65;43;0;2;5;8;95;3;1;0;70000
1076;3;55;38;0;7;9;6;68;25;1;2;74000
1077;2;70;44;0;8;8;10;30;5;0;0;115000
1078;5;100;60;1;1;14;16;119;35;0;0;92000
1079;1;28;15;1;9;9;6;127;3;0;0;27000
1080;3;57;40;0;5;5;7;37;10;1;2;67000
1081;1;32;19;0;1;4;6;121;25;1;0;26500
1082;3;50;34;1;4;9;7;85;35;1;1;60000
1083;3;87;53;0;3;5;8;73;7;1;2;93000
1084;2;60;34;1;14;17;11;88;20;1;1;68000
1085;1;36;19;1;14;17;9;8;1;1;2;60000
1086;3;58;44;2;1;5;7;103;10;1;0;55000
1087;2;50;32;0;12;14;9;68;35;1;1;65000
1088;1;31;19;0;8;9;6;104;25;1;2;40000
1089;3;73;53;0;5;5;9;18;25;1;2;92000
1090;2;44;30;0;5;5;6;43;10;1;2;48000
1091;3;63;45;2;6;12;7;111;10;1;3;68000
1092;1;30;17;0;3;5;5;105;10;0;2;30000
1093;1;39;17;2;11;25;8;70;10;0;1;52000
1094;3;87;58;0;6;8;9;62;7;1;2;135000
1095;3;79;45;1;2;17;11;63;50;1;3;84500
1096;3;52;35;1;3;9;7;102;5;0;2;59000
1097;2;53;31;1;2;12;9;106;7;1;0;58000
1098;1;32;17;0;3;5;7;73;15;1;2;28000
1099;3;61;45;0;1;5;7;95;3;1;0;57500
1100;2;64;36;0;6;10;9;14;1;1;2;148000
1101;2;43;26;1;4;5;7;76;15;1;2;49000
1102;3;63;45;1;9;12;7;61;25;1;1;74500
1103;1;33;19;1;6;9;7;54;5;1;0;46000
1104;2;61;38;0;2;8;6;5;2;0;2;110000
1105;2;56;33;1;12;17;10;109;10;1;2;72000
1106;1;39;21;1;3;14;9;97;35;1;1;36000
1107;2;64;36;0;6;10;9;14;2;1;2;142000
1108;4;80;56;0;3;8;9;68;7;1;2;110000
1109;3;64;35;0;2;8;8;14;10;1;0;101000
1110;1;34;15;1;1;12;9;91;35;0;2;30000
1111;1;35;21;1;4;9;7;41;10;1;1;49000
1112;2;47;30;1;2;9;7;113;10;1;0;49000
1113;2;80;39;0;3;6;9;25;5;1;2;118000
1114;3;72;43;1;5;17;10;8;5;1;1;135000
1115;1;37;19;1;13;16;9;92;15;1;1;45000
1116;2;54;32;1;14;14;9;57;15;1;2;70000
1117;2;44;28;1;3;9;6;74;4;1;0;55000
1118;2;44;28;1;2;9;7;111;5;0;0;45000
1119;3;59;44;1;3;9;6;94;3;1;1;65000
1120;2;37;23;1;5;9;8;49;7;1;2;49000
1121;1;35;19;1;13;16;10;78;10;1;1;45500
1122;2;45;28;1;5;5;6;116;7;1;2;42500
1123;2;51;31;1;6;16;9;104;8;1;2;66000
1124;3;63;44;1;5;12;8;19;20;1;3;105000
1125;3;53;35;2;8;9;6;109;10;1;2;60000
1126;3;87;53;0;5;6;13;18;10;1;2;145000
1127;2;60;36;0;2;10;9;76;5;1;0;85000
1128;3;78;51;0;2;5;10;69;7;1;0;99000
1129;1;36;20;1;3;12;10;69;25;1;2;45000
1130;2;47;32;1;11;12;10;81;10;1;2;59000
1131;3;54;41;0;5;5;6;117;50;1;2;61000
1132;4;70;62;1;1;9;7;126;10;0;1;40000
1133;2;58;34;1;13;16;10;83;25;1;1;67000
1134;2;44;32;1;7;12;7;19;10;1;2;51000
1135;3;81;55;0;6;8;9;19;10;1;2;141000
1136;1;32;15;1;3;14;9;119;10;0;1;38000
1137;1;41;18;0;12;14;7;3;7;1;0;75000
1138;1;33;18;1;3;9;10;18;20;1;2;50000
1139;4;93;65;0;8;8;9;56;1;1;2;140500
1140;3;59;43;1;5;5;7;119;10;1;1;67000
1141;3;83;49;0;2;5;8;30;7;1;0;105000
1142;1;32;17;1;3;5;6;102;5;1;2;31500
1143;3;59;45;2;3;9;7;31;5;1;2;92000
1144;2;53;33;1;4;14;10;55;3;1;2;74500
1145;3;77;51;0;3;5;9;62;10;1;2;92000
1146;3;80;53;0;5;5;9;62;10;1;2;103000
1147;2;56;32;1;9;17;10;19;15;0;2;81000
1148;3;77;46;1;15;17;11;19;15;0;3;113500
1149;3;80;53;0;1;6;10;70;10;1;0;92000
1150;2;53;30;1;14;14;8;112;12;1;2;59500
1151;3;85;56;0;3;8;10;43;15;1;2;140500
1152;3;62;44;1;1;5;7;83;25;1;0;56500
1153;3;61;92;1;9;9;8;119;12;1;1;64000
1154;3;59;44;1;6;9;6;87;15;1;1;70000
1155;2;37;23;1;5;9;7;110;20;1;2;35000
1156;1;34;18;1;6;9;8;67;25;1;0;41000
1157;3;75;49;0;8;8;8;19;10;1;2;135000
1158;2;45;30;0;5;5;7;103;3;1;2;45500
1159;1;34;15;1;1;12;9;91;35;0;0;29500
1160;2;53;33;1;4;14;10;55;3;1;0;68000
1161;2;51;31;1;8;17;9;40;15;1;2;80000
1162;2;56;31;0;3;7;10;72;3;1;2;75000
1163;1;33;19;1;7;9;7;109;1;1;0;40000
1164;2;44;31;1;5;5;7;118;7;1;2;42000
1165;2;72;42;0;3;8;8;79;10;1;0;94000
1166;1;39;20;1;2;17;9;8;10;1;2;60500
1167;1;33;18;0;2;5;7;56;10;1;2;41000
1168;1;35;20;0;1;9;7;83;5;1;0;40000
1169;2;45;30;0;2;5;6;47;5;1;2;52000
1170;1;41;21;1;8;14;9;80;35;1;1;46000
1171;2;38;24;1;5;12;7;121;7;1;2;46000
1172;1;37;20;1;5;17;8;94;5;1;2;42000
1173;3;80;58;0;5;5;10;35;15;1;2;90000
1174;3;81;53;0;3;6;10;30;5;1;2;150000
1175;3;73;45;1;6;17;10;76;20;0;1;105000
1176;2;52;32;1;8;14;9;88;35;1;1;57000
1177;2;58;30;0;5;5;8;49;10;1;0;77000
1178;3;72;50;0;2;6;8;30;1;1;2;97500
1179;3;80;46;1;7;9;8;58;35;1;1;93000
1180;3;73;52;0;4;5;7;39;5;1;0;98500
1181;1;34;17;0;1;5;9;37;9;1;0;38000
1182;2;52;32;2;5;10;10;95;7;1;1;61600
1183;2;57;35;0;4;5;8;103;15;1;2;67000
1184;3;65;44;1;6;9;7;94;4;1;1;72000
1185;3;81;47;1;14;22;10;120;15;1;2;98000
1186;2;45;31;1;2;5;6;105;10;1;2;47800
1187;2;38;23;1;6;9;7;110;15;1;2;36500
1188;1;40;23;0;5;6;7;5;5;1;2;60500
1189;1;41;18;0;12;14;7;3;7;1;0;75000
1190;1;33;18;1;3;9;10;18;15;1;2;50000
1191;3;57;40;0;5;5;7;37;7;1;2;66000
1192;2;44;28;1;3;9;6;54;5;1;0;59000
1193;3;72;51;0;1;5;9;14;5;1;0;85000
1194;1;35;20;1;5;12;9;106;15;1;0;46000
1195;1;42;21;1;10;14;9;40;35;1;1;51000
1196;2;46;30;1;2;12;7;67;35;1;1;75000
1197;2;42;29;0;4;5;6;107;5;0;2;38000
1198;3;70;49;0;4;9;9;13;5;1;0;135000
1199;1;35;21;1;6;9;7;106;15;1;2;42000
1200;1;33;19;1;8;9;7;121;20;1;0;38000
1201;2;48;28;1;3;12;7;106;1;1;1;52000
1202;3;93;58;1;2;5;15;103;15;1;2;107000
1203;1;30;18;0;2;9;6;104;7;1;0;34500
1204;1;30;18;0;4;4;7;123;5;0;2;19500
1205;2;45;28;0;1;9;6;121;20;1;0;38000
1206;2;51;30;1;12;12;9;80;35;1;1;57000
1207;1;32;22;2;1;9;5;93;10;1;0;35000
1208;1;36;18;1;23;23;8;75;15;1;2;45000
1209;1;41;18;0;3;14;10;0;10;1;0;120000
1210;2;37;23;1;7;12;9;36;15;1;2;50000
1211;2;64;34;0;4;5;8;121;15;1;0;69000
1212;2;53;31;1;8;14;8;122;15;0;2;46000
1213;3;75;47;0;3;5;8;50;5;1;2;110000
1214;4;98;67;0;3;5;11;50;5;1;2;130000
1215;3;80;48;1;7;14;8;120;35;0;1;70000
1216;2;38;24;1;3;9;8;57;2;1;2;47000
1217;1;33;18;1;10;12;10;49;3;1;2;51000
1218;2;45;29;1;2;5;6;119;5;1;2;43000
1219;2;53;32;1;1;17;9;8;5;1;0;80000
1220;2;48;32;1;9;14;9;37;10;1;1;65000
1221;2;41;25;1;12;14;9;122;65;0;1;32000
1222;2;39;22;1;9;12;7;116;7;1;2;48000
1223;2;58;32;1;3;22;11;54;10;1;1;82000
1224;1;39;20;1;2;17;9;8;10;1;2;61500
1225;2;72;42;0;3;8;8;79;10;1;0;94000
1226;3;98;63;0;4;9;11;44;5;1;2;127000
1227;2;49;28;1;1;5;6;85;25;1;0;38000
1228;3;85;55;0;5;10;14;58;7;1;2;122000
1229;1;36;19;1;12;16;9;106;5;1;1;45000
1230;1;34;15;1;1;12;9;91;35;0;0;30000
1231;2;55;37;0;6;8;9;72;10;1;2;76000
1232;2;65;37;0;5;5;9;105;5;1;2;60500
1233;1;36;18;0;5;5;8;81;5;1;0;40500
1234;1;35;19;1;10;12;8;58;15;1;0;40500
1235;1;38;19;1;14;14;9;109;35;0;2;36500
1236;1;29;17;0;2;9;6;105;4;1;0;38000
1237;4;80;54;0;12;12;9;6;10;1;0;140500
1238;3;84;57;0;8;8;10;48;5;1;2;108000
1239;3;74;45;1;13;17;11;8;15;1;1;148000
1240;3;69;43;1;16;22;10;8;15;1;2;135000
1241;2;35;22;0;8;9;7;28;2;1;2;55000
1242;3;79;52;0;5;11;10;72;10;1;2;135000
1243;2;43;29;0;2;5;6;95;25;1;2;39000
1244;2;54;40;1;9;9;8;117;10;1;2;50000
1245;2;43;30;0;1;5;6;71;3;1;0;50000
1246;4;70;50;0;5;5;8;58;30;1;2;115000
1247;3;64;39;1;8;12;8;92;10;1;1;74000
1248;1;34;15;1;1;12;9;91;35;0;0;30000
1249;2;63;37;0;2;5;8;72;10;1;0;80000
1250;1;35;19;2;8;12;10;27;6;1;2;59000
1251;2;43;30;0;1;5;6;71;3;1;0;50000
1252;2;54;32;1;14;17;10;91;35;1;2;82000
1253;3;80;52;0;2;5;9;73;10;1;0;115000
1254;3;76;46;1;12;22;10;54;5;1;1;103000
1255;2;46;30;1;3;12;8;96;25;1;1;46000
1256;3;64;45;1;11;12;7;111;10;1;1;66000
1257;3;65;46;1;6;16;8;109;5;1;1;77000
1258;1;32;21;2;2;9;6;57;15;1;0;38000
1259;2;66;36;1;2;4;9;80;15;0;1;88000
1260;2;44;33;0;1;5;6;62;10;1;0;40000
1261;2;45;29;1;1;5;6;105;5;1;0;40000
1262;1;31;19;1;5;17;9;91;25;1;1;45000
1263;3;54;37;1;2;5;6;62;25;1;2;60000
1264;1;33;17;0;1;9;9;81;7;1;1;37000
1265;2;47;31;1;9;9;7;80;7;1;2;50000
1266;3;70;49;0;2;7;8;13;7;1;0;109000
1267;3;58;43;1;12;12;7;109;15;1;2;60000
1268;1;39;21;1;5;14;8;61;15;1;1;57000
1269;1;33;19;1;7;9;7;105;12;1;0;38500
1270;2;44;30;2;1;5;6;66;1;1;0;49000
1271;1;31;16;2;1;9;7;101;10;1;1;35000
1272;1;39;19;1;14;17;9;117;35;1;1;43000
1273;2;45;28;2;5;5;7;117;25;1;0;39000
1274;2;45;29;0;4;9;6;67;15;1;2;58000
1275;4;100;58;0;2;7;13;20;5;1;0;125000
1276;2;47;30;2;1;9;7;117;25;0;0;45000
1277;1;33;19;1;3;9;7;87;10;1;0;38000
1278;1;31;19;1;2;5;6;103;12;1;2;40000
1279;1;39;21;1;6;16;8;120;30;1;1;42000
1280;2;52;32;1;9;17;9;87;7;1;1;71000
1281;4;64;47;1;5;9;7;54;10;1;2;76000
1282;1;33;19;1;9;9;6;54;5;1;0;39000
1283;1;34;19;1;3;9;7;54;15;1;0;41000
1284;4;71;50;1;1;16;8;100;20;1;0;84000
1285;2;38;24;1;2;9;8;79;2;0;0;41000
1286;2;43;28;0;2;8;7;40;5;1;0;68000
1287;3;56;37;1;5;5;6;60;30;1;2;60000
1288;1;40;22;1;7;12;10;46;20;1;1;48000
1289;2;42;28;0;2;5;9;103;10;1;2;46000
1290;2;58;35;1;10;22;10;54;7;1;1;82000
1291;4;95;72;0;1;5;8;68;10;1;0;100000
1292;1;33;19;1;9;9;6;54;5;1;0;41000
1293;2;45;28;1;12;12;6;112;15;1;2;40000
1294;2;36;25;1;1;5;7;102;25;1;2;35000
1295;2;49;31;2;1;12;8;77;10;1;0;49000
1296;3;75;46;1;15;16;10;54;10;1;1;105000
1297;2;46;31;1;6;14;9;80;5;1;2;54000
1298;2;60;34;1;22;22;9;74;35;1;2;65000
1299;2;43;27;0;2;5;6;103;15;1;2;47000
1300;4;64;44;1;6;9;6;116;50;1;2;55000
1301;3;61;39;1;3;14;9;120;35;0;2;66000
1302;2;66;37;0;5;5;7;6;5;1;0;78000
1303;1;51;24;0;2;5;10;76;15;1;0;59500
1304;2;45;30;0;5;9;6;95;10;1;2;55000
1305;2;45;29;2;3;5;6;98;15;1;2;50000
1306;2;45;28;1;6;9;6;109;30;1;0;48000
1307;2;40;25;2;6;9;8;93;1;1;2;55000
1308;1;33;19;1;7;9;7;54;15;1;0;45200
1309;2;52;30;2;10;12;9;53;20;1;2;67640
1310;3;85;57;0;4;8;10;68;7;1;2;132200
1311;1;39;21;1;11;12;9;106;10;1;3;45000
1312;2;46;28;0;7;8;6;90;8;0;0;49000
1313;2;47;30;1;1;9;8;80;7;1;1;51000
1314;3;58;44;1;3;9;6;109;5;0;2;60000
1315;3;59;45;1;6;9;7;119;15;1;1;62000
1316;1;39;21;1;2;12;9;75;15;0;0;40000
1317;3;85;63;0;6;6;8;0;2;1;2;145000
1318;2;38;24;2;8;12;7;40;5;1;2;44000
1319;2;47;30;1;2;9;7;113;10;1;0;49000
1320;1;40;21;1;2;12;9;61;25;1;0;55000
1321;2;57;32;0;5;5;13;103;7;1;2;63000
1322;2;52;32;1;2;14;9;111;12;1;0;63000
1323;1;16;10;1;5;5;4;103;10;0;0;23000
1324;2;52;30;0;3;8;8;3;10;1;0;125000
1325;1;33;19;1;7;12;7;47;10;1;0;47000
1326;1;33;18;1;1;14;9;102;25;1;0;37000
1327;2;44;29;1;2;5;6;71;5;1;2;50000
1328;3;74;44;1;14;17;10;8;5;1;1;140000
1329;3;74;44;1;10;17;10;8;7;1;1;137000
1330;3;74;44;1;17;17;10;8;7;1;1;135000
1331;2;60;34;0;4;5;8;71;5;1;2;80000
1332;2;44;29;0;5;5;6;39;20;1;2;52000
1333;1;32;19;1;4;5;7;47;15;1;0;38000
1334;4;64;44;1;6;9;6;116;20;1;2;55000
1335;1;33;19;1;3;9;7;105;10;1;0;38950
1336;1;36;19;0;5;5;8;71;10;1;0;48400
1337;1;34;20;0;2;9;6;30;8;1;2;70000
1338;3;74;44;1;10;17;10;8;10;1;1;135000
1339;3;74;44;1;14;17;10;8;2;1;1;140000
1340;2;51;30;1;5;22;10;8;10;1;2;95000
1341;2;58;35;1;10;16;9;61;10;1;2;85000
1342;3;72;48;0;4;5;9;73;8;0;2;95000
1343;3;66;43;1;3;5;8;52;15;1;0;70000
1344;1;31;17;1;1;5;6;61;25;0;0;32000
1345;2;43;29;0;1;5;6;93;7;1;0;38000
1346;2;55;36;0;5;8;9;6;10;1;2;120000
1347;3;97;71;0;5;5;8;95;3;0;0;85000
1348;3;65;47;1;2;16;8;45;25;1;1;81000
1349;1;32;17;2;8;12;8;31;3;1;2;49000
1350;4;100;70;0;1;5;9;56;3;1;0;125000
1351;3;82;49;0;3;5;9;85;15;1;2;95000
1352;1;18;14;0;5;5;4;102;3;1;0;23500
1353;1;38;22;0;6;11;7;29;5;1;2;57000
1354;3;57;39;1;8;9;6;73;10;0;2;63000
1355;3;58;39;2;7;9;7;77;7;1;2;70000
1356;2;50;35;2;2;9;6;97;15;1;0;54000
1357;1;37;22;0;4;6;8;37;5;1;0;60000
1358;2;52;30;0;11;14;9;13;15;1;1;100000
1359;1;35;21;2;2;9;6;102;10;1;1;39000
1360;1;31;18;1;4;5;6;49;7;1;2;43000
1361;2;54;36;0;1;5;8;91;10;1;0;60000
1362;2;52;31;2;4;14;9;120;20;1;1;52000
1363;2;62;35;0;4;7;9;103;5;1;0;73000
1364;2;57;35;0;9;9;9;19;5;1;2;93000
1365;1;39;21;1;1;14;9;120;25;0;0;35000
1366;3;58;38;0;6;9;7;100;15;1;2;53000
1367;2;47;31;1;2;9;7;109;10;1;0;51000
1368;1;31;19;0;3;5;6;87;7;1;2;39000
1369;1;38;19;1;14;17;8;64;10;1;1;50000
1370;2;60;33;0;5;5;7;116;30;0;2;52000
1371;1;35;20;2;11;12;10;97;10;1;1;46000
1372;3;59;42;1;7;9;7;52;10;1;1;84000
1373;3;72;43;1;2;22;9;63;25;1;1;115000
1374;4;75;52;1;3;12;9;75;20;1;1;95000
1375;2;44;28;1;2;9;6;119;20;1;0;42000
1376;1;35;20;1;2;16;10;16;10;1;1;60000
1377;1;31;19;0;4;5;6;100;10;1;2;33000
1378;3;76;47;1;3;16;11;54;10;1;2;105000
1379;1;34;19;1;4;9;9;77;20;1;0;36000
1380;1;38;20;1;4;22;10;91;35;0;2;48000
1381;2;65;37;0;5;5;9;85;10;0;2;74000
1382;1;35;19;1;14;14;10;30;15;1;1;51000
1383;2;46;29;2;3;5;6;49;5;1;2;56000
1384;2;45;32;1;7;9;6;68;25;1;2;48000
1385;1;36;18;0;4;8;9;18;5;1;0;66000
1386;2;46;32;1;3;5;6;117;25;1;0;40000
1387;2;46;30;1;5;5;7;40;10;1;0;49000
1388;4;75;57;0;4;5;8;44;10;1;2;110000
1389;2;57;35;0;4;7;10;28;5;1;2;103000
1390;3;100;62;0;7;7;14;51;5;1;2;145000
1391;1;38;19;1;14;17;9;42;2;1;2;57000
1392;1;32;20;1;4;5;5;68;10;1;2;40000
1393;2;51;30;0;9;12;10;22;15;1;1;90000
1394;2;58;32;1;8;22;10;88;20;1;1;63000
1395;3;58;44;1;7;9;7;121;20;1;0;40000
1396;1;31;21;1;5;9;6;45;25;1;2;43000
1397;1;39;20;1;10;17;9;91;15;0;1;43000
1398;1;44;21;1;8;14;10;120;15;1;1;42000
1399;3;83;52;0;9;14;9;82;10;1;0;95000
1400;3;80;55;0;5;5;9;38;5;1;2;115000
1401;3;72;53;0;2;5;8;30;8;1;2;90000
1402;3;52;38;0;5;8;5;68;15;1;2;70000
1403;1;35;19;1;9;16;11;121;25;1;1;32000
1404;1;32;20;1;5;5;6;110;15;0;2;39000
1405;2;44;28;1;4;9;7;63;20;1;0;58000
1406;2;42;31;0;8;8;6;3;5;1;2;80000
1407;3;85;55;0;7;9;9;95;10;1;0;120000
1408;2;51;33;1;7;12;10;45;15;1;0;71000
1409;2;45;30;2;2;5;5;110;2;0;2;45000
1410;1;31;18;2;5;5;6;60;15;1;2;34000
1411;3;74;52;0;1;5;9;73;25;1;0;70000
1412;3;79;54;0;8;9;9;96;15;1;2;101000
1413;4;101;73;0;5;5;9;35;10;1;2;130000
1414;3;67;46;0;3;8;8;19;15;1;0;105000
1415;2;44;29;0;5;5;6;110;10;1;2;47500
1416;2;56;31;2;5;12;9;75;10;1;1;67000
1417;3;64;44;1;1;9;7;109;5;1;3;62000
1418;3;65;47;1;16;16;8;109;35;1;2;64000
1419;2;48;33;2;1;14;10;61;10;1;0;50000
1420;3;73;44;1;5;17;11;91;20;0;1;88000
1421;2;54;34;0;6;9;10;18;15;1;2;94000
1422;4;85;56;0;4;5;9;5;15;1;0;150000
1423;1;31;18;0;7;8;7;55;5;1;2;45000
1424;3;67;47;0;3;8;8;6;10;1;2;145000
1425;3;78;52;0;4;8;9;29;10;1;2;127000
1426;3;65;44;1;9;9;6;109;5;1;2;70000
1427;3;83;52;0;9;14;9;82;10;1;0;95000
1428;1;38;19;1;22;24;9;46;10;1;2;65000
1429;2;47;30;1;2;9;7;113;10;1;0;47000
1430;3;80;53;0;3;6;9;25;5;1;2;118000
1431;3;80;51;0;3;8;10;13;7;1;0;135000
1432;2;45;29;0;4;5;6;49;15;1;2;51000
1433;3;57;42;0;6;9;6;57;15;1;2;69500
1434;1;31;20;1;5;5;7;117;10;1;2;30000
1435;2;54;31;1;14;16;9;53;20;1;2;85000
1436;1;35;19;0;11;15;7;29;5;1;0;61000
1437;2;37;23;2;6;9;8;40;15;1;2;66000
1438;3;58;42;1;2;9;6;54;15;1;3;85000
1439;2;61;32;0;5;7;10;35;10;1;2;105000
1440;2;38;23;1;8;12;8;102;15;1;2;47000
1441;1;33;21;0;3;5;6;35;5;1;2;51000
1442;2;58;37;0;8;9;9;16;7;1;2;90000
1443;3;52;35;1;7;9;6;117;35;1;2;60000
1444;1;41;18;0;3;14;10;0;5;1;0;104000
1445;1;39;21;1;2;12;9;61;25;1;0;54000
1446;1;36;17;0;5;9;9;18;5;1;1;68000
1447;1;34;19;1;3;9;7;80;2;1;0;40000
1448;2;42;29;0;2;5;7;115;15;1;0;45000
1449;1;33;19;2;3;9;8;35;15;1;3;47400
1450;1;31;18;1;1;5;6;116;10;1;0;30500
1451;2;38;24;1;4;9;7;40;7;1;2;57500
1452;1;39;21;1;8;12;9;78;10;1;2;50000
1453;1;35;19;2;5;16;9;92;10;0;1;45000
1454;3;74;44;2;10;17;10;8;10;1;2;137000
1455;1;35;19;1;2;12;10;109;7;1;0;38000
1456;1;39;21;1;5;14;9;109;25;0;1;46000
1457;3;81;54;0;5;8;10;19;10;1;2;150000
1458;3;74;45;1;11;17;10;63;15;0;3;115000
1459;2;45;28;1;4;9;6;121;35;1;0;40000
1460;1;40;20;1;14;22;9;54;10;1;2;53000
1461;2;51;30;1;7;14;10;63;25;1;1;61000
1462;1;31;19;0;5;5;7;3;7;1;2;52500
1463;2;56;34;0;6;6;8;100;10;1;2;60000
1464;2;46;29;1;2;5;6;63;20;1;2;50000
1465;2;40;24;1;4;12;6;63;20;1;2;48000
1466;1;42;19;2;1;12;10;35;10;1;0;51000
1467;2;38;23;1;4;9;7;40;5;1;2;57500
1468;2;41;27;0;2;2;6;119;20;1;2;48000
1469;4;95;65;0;9;10;9;99;10;1;0;95000
1470;1;41;18;0;12;14;7;3;7;1;0;75000
1471;2;48;32;1;9;14;9;37;15;1;1;67000
1472;2;45;28;1;6;9;6;109;15;1;0;49000
1473;3;72;50;0;2;5;10;95;2;1;0;80000
1474;3;73;44;1;21;22;10;91;20;1;1;90000
1475;2;58;34;1;21;22;10;91;20;1;2;70000
1476;3;63;43;1;4;9;7;46;15;1;1;80000
1477;1;42;19;2;11;12;10;50;10;1;2;58000
1478;2;53;31;1;12;12;8;92;10;1;2;55000
1479;3;73;53;0;2;5;8;30;7;1;2;115000
1480;1;37;19;0;5;5;9;81;5;1;0;41500
1481;3;76;46;1;17;17;11;91;20;0;3;82000
1482;3;53;42;0;3;5;6;37;3;1;2;90000
1483;1;47;20;0;6;8;9;34;5;1;0;80000
1484;2;48;31;0;3;10;8;5;4;1;0;101000
1485;2;62;38;0;4;9;9;72;5;1;0;100000
1486;2;38;23;1;8;9;8;79;10;1;2;45000
1487;2;54;31;1;4;12;10;75;20;1;1;82000
1488;1;40;21;1;19;22;11;80;25;0;2;41000
1489;1;38;19;1;17;17;9;91;35;1;2;35000
1490;3;89;58;0;5;10;10;58;10;1;0;120000
1491;2;45;28;1;8;9;7;111;10;1;0;50000
1492;3;96;63;0;7;9;9;72;2;1;2;115000
1493;3;79;52;0;6;8;9;3;10;1;2;132000
1494;2;53;33;0;6;8;9;3;10;1;2;94000
1495;2;53;32;1;8;17;9;8;1;1;2;90000
1496;1;28;16;1;4;5;6;83;25;1;2;34000
1497;1;37;19;1;2;17;9;91;20;1;2;50000
1498;2;54;32;1;7;17;9;91;35;0;2;61000
1499;3;57;38;1;5;9;6;92;5;1;1;60000
1500;2;45;28;1;9;14;6;93;5;1;2;55000
1501;1;32;21;1;1;9;6;87;15;1;0;37000
1502;1;38;19;1;14;17;9;40;20;1;2;55000
1503;2;63;35;0;4;8;10;68;10;1;2;97000
1504;3;79;52;0;7;9;10;68;5;1;2;120000
1505;2;46;30;2;1;9;8;68;20;1;1;53000
1506;3;51;35;1;8;9;6;68;20;1;1;60000
1507;2;65;39;0;3;7;8;21;10;1;0;105000
1508;1;32;19;0;8;9;6;72;15;1;2;38000
1509;1;32;22;1;6;9;6;87;3;1;0;41000
1510;3;74;46;1;16;17;10;87;15;1;2;98000
1511;2;43;31;0;3;5;7;107;3;1;2;48000
1512;3;65;43;1;10;12;9;37;5;1;2;132000
1513;3;71;49;0;7;8;8;7;7;1;2;147000
1514;4;72;51;0;5;5;8;69;7;1;2;92000
1515;2;59;34;0;3;5;9;91;5;1;2;74600
1516;1;38;20;1;2;22;10;54;10;1;2;53000
1517;3;83;56;0;2;8;8;43;5;1;0;130000
1518;2;51;31;1;17;17;8;78;5;1;2;69000
1519;1;32;22;1;5;9;6;59;5;1;2;39000
1520;1;35;16;0;6;10;8;17;4;1;2;57000
1521;3;64;39;1;7;9;9;116;20;1;1;61000
1522;3;75;50;0;4;5;9;95;10;0;2;85000
1523;3;61;44;1;1;5;7;94;15;1;0;52000
1524;1;33;19;1;7;9;7;54;15;1;0;45000
1525;1;36;19;0;2;4;8;90;5;1;2;44000
1526;2;55;32;1;11;12;10;88;15;1;1;57000
1527;3;72;43;1;12;17;11;121;25;1;2;74000
1528;1;32;17;1;1;12;7;63;8;1;1;42000
1529;1;31;20;0;3;5;7;38;10;1;2;50000
1530;2;54;33;0;6;6;6;5;1;1;2;85000
1531;1;35;21;1;5;9;6;117;20;1;1;39000
1532;2;52;30;1;6;10;8;89;5;1;1;71000
1533;1;29;17;0;5;5;6;121;10;0;2;31000
1534;1;37;19;1;2;9;7;54;10;1;0;45000
1535;2;43;29;0;1;5;6;51;25;1;0;45000
1536;1;35;20;2;9;12;9;85;5;1;2;46000
1537;2;40;24;1;7;14;7;41;15;1;2;62000
1538;3;65;45;1;2;9;7;41;10;1;1;83000
1539;3;71;41;1;8;14;9;45;15;0;1;120000
1540;1;35;19;1;15;17;9;41;7;1;1;51000
1541;1;35;20;1;2;12;10;85;10;0;0;38000
1542;3;67;43;0;5;8;7;13;5;1;2;120000
1543;1;36;19;0;2;14;9;31;10;1;2;58500
1544;2;43;30;0;5;5;6;76;5;1;2;46000
1545;3;54;36;1;8;9;6;102;15;1;1;50000
1546;3;62;36;1;1;9;7;54;7;1;1;80000
1547;3;69;49;0;7;7;8;43;7;1;0;99000
1548;3;83;53;0;5;5;9;72;25;1;2;80000
1549;1;32;22;2;4;9;6;116;10;1;2;40000
1550;2;41;26;1;7;16;6;13;3;1;0;69000
1551;3;72;51;0;1;6;9;25;5;1;1;145000
1552;2;45;29;1;3;5;6;102;5;1;2;47000
1553;3;55;37;1;1;5;6;105;12;1;0;48000
1554;2;46;30;1;2;5;7;104;15;0;0;46000
1555;2;55;34;0;7;7;10;59;25;1;2;70000
1556;1;32;21;1;6;9;6;87;3;1;2;38000
1557;1;33;17;0;1;9;8;109;10;1;1;30000
1558;2;52;31;1;2;14;9;113;10;1;0;50000
1559;2;42;27;1;5;5;6;85;10;0;2;45000
1560;2;45;29;1;3;5;6;102;5;1;2;47000
1561;3;77;53;0;4;5;9;51;5;1;2;120000
1562;1;36;20;1;11;14;10;102;15;1;1;51000
1563;3;73;50;0;6;9;8;13;5;1;2;130000
1564;2;58;34;1;11;17;10;80;35;0;1;65000
1565;2;46;30;2;1;9;8;68;15;1;1;53000
1566;1;34;20;2;9;12;9;112;10;1;2;43000
1567;3;56;33;1;1;12;11;87;12;1;1;55000
1568;1;52;26;0;5;5;10;73;8;1;2;57000
1569;2;54;32;1;5;17;10;77;20;1;2;65000
1570;2;60;38;0;4;5;9;9;7;1;2;105000
1571;2;51;31;1;17;17;9;63;15;1;2;57000
1572;2;53;32;1;12;16;9;49;10;1;2;90000
1573;2;47;31;1;2;9;7;109;10;1;0;46000
1574;3;83;62;0;8;9;7;95;1;1;2;88000
1575;2;44;28;1;5;9;6;88;10;1;0;53000
1576;1;39;20;1;6;22;12;97;15;1;2;46000
1577;3;80;55;0;3;5;9;73;7;1;2;110000
1578;3;76;54;1;1;12;10;61;25;0;0;72000
1579;4;100;64;1;22;22;10;63;25;1;2;107000
1580;3;60;45;2;5;5;6;56;10;1;2;70000
1581;2;47;32;2;11;12;10;81;10;1;2;58000
1582;2;46;29;1;1;9;7;111;10;1;1;50000
1583;1;35;20;1;9;12;10;76;10;1;1;52000
1584;2;47;36;1;3;5;7;49;5;1;2;57000
1585;3;86;56;0;2;4;8;104;10;1;0;110000
1586;2;72;44;0;8;9;13;20;10;1;2;134600
1587;2;43;28;1;5;9;6;97;25;1;1;51000
1588;1;34;19;2;4;5;6;37;35;1;2;35000
1589;3;75;46;1;9;16;10;54;15;1;3;112000
1590;1;31;20;0;4;4;5;10;8;1;0;52000
1591;1;30;16;1;7;9;7;101;5;1;1;38000
1592;2;42;28;2;5;5;6;110;3;1;2;45000
1593;2;44;20;1;2;9;7;109;25;1;0;53000
1594;3;54;37;1;5;9;7;119;40;1;1;36000
1595;1;35;21;2;10;12;9;117;25;1;2;35000
1596;3;63;45;1;10;12;7;111;3;1;1;75000
1597;4;98;70;0;2;5;9;56;7;1;0;125000
1598;2;51;31;1;8;14;9;91;35;0;1;57000
1599;4;64;48;1;4;9;8;94;15;1;1;67000
1600;2;53;32;1;1;17;9;8;5;1;0;75000
1601;2;46;32;1;4;5;7;117;25;1;0;51000
1602;2;57;32;0;2;5;9;81;10;1;0;63000
1603;1;31;21;1;4;5;6;103;10;1;0;37000
1604;1;31;18;1;2;5;6;87;25;1;2;33500
1605;2;45;30;2;8;12;7;100;10;1;2;54000
1606;3;73;49;0;4;8;9;19;7;1;2;150000
1607;4;90;59;1;9;14;9;116;35;1;1;90000
1608;2;53;30;0;5;5;9;86;15;1;2;70000
1609;2;44;27;0;3;5;6;115;15;1;2;40000
1610;3;60;39;1;7;9;9;111;15;1;2;69000
1611;1;35;21;1;3;9;7;42;10;1;1;50000
1612;2;44;30;1;2;9;7;109;15;1;0;53000
1613;3;62;45;1;2;12;7;111;10;1;1;59000
1614;1;31;19;0;4;5;6;70;3;1;2;35000
1615;2;43;28;0;4;5;6;114;5;1;2;46000
1616;2;45;34;2;3;5;6;49;5;1;2;50000
1617;1;54;35;0;3;8;6;5;15;1;2;115000
1618;3;66;45;0;5;6;8;37;10;1;2;100000
1619;2;43;29;0;2;5;6;67;15;1;2;50000
1620;2;40;28;0;4;5;6;49;12;1;2;48000
1621;1;47;20;0;6;8;9;34;5;1;0;77000
1622;1;35;19;1;2;12;10;109;5;1;0;44000
1623;3;86;52;0;5;5;14;87;10;1;2;102000
1624;2;46;30;1;1;5;6;119;20;0;0;37000
1625;1;32;15;1;1;12;7;92;5;1;1;33000
1626;3;75;45;1;11;14;10;46;3;1;1;140000
1627;3;63;43;0;4;5;6;73;2;1;2;85000
1628;2;54;34;1;12;16;10;106;15;1;2;58000
1629;2;52;30;0;3;8;9;13;10;1;0;100000
1630;2;44;30;0;5;5;6;98;15;1;2;45000
1631;2;52;31;1;5;12;9;77;10;1;2;62000
1632;2;47;29;0;5;5;7;67;15;1;2;52000
1633;2;38;21;1;3;12;8;60;5;1;2;53000
1634;1;37;19;0;5;9;6;126;15;0;1;30000
1635;3;59;43;0;6;9;7;109;10;1;2;60000
1636;1;39;21;2;9;14;10;116;25;0;1;30000
1637;2;58;33;0;4;5;8;121;20;1;3;54000
1638;1;34;18;0;9;9;9;66;10;1;1;50000
1639;3;61;40;1;2;9;10;106;10;1;1;61000
1640;4;102;79;0;1;5;9;53;5;1;0;100000
1641;1;31;17;1;4;5;7;63;20;0;2;34000
1642;2;57;32;0;2;5;9;5;10;1;2;130000
1643;3;63;43;1;9;9;8;28;5;1;2;98000
1644;3;84;43;2;1;14;9;67;20;1;1;83000
1645;2;56;32;1;10;16;10;8;3;1;2;100000
1646;3;55;39;0;2;5;6;62;7;1;2;71000
1647;3;65;46;1;11;12;8;106;10;1;1;70000
1648;2;42;27;1;2;5;6;112;5;0;2;41000
1649;2;51;30;1;6;17;8;117;20;0;2;57000
1650;2;44;28;1;9;9;6;106;10;1;0;43000
1651;1;38;19;1;2;14;8;54;35;0;2;40000
1652;1;33;19;1;2;9;6;68;25;1;0;47000
1653;3;76;54;1;1;12;9;111;5;1;0;73000
1654;1;39;21;1;6;9;10;109;15;1;1;50000
1655;3;50;35;1;3;9;8;75;15;1;1;51000
1656;2;45;29;2;3;5;7;86;15;1;2;45000
1657;3;79;54;0;8;9;9;96;15;1;2;90000
1658;3;68;44;1;12;12;9;51;15;1;1;80000
1659;1;40;21;1;2;14;10;121;20;0;0;35000
1660;2;50;30;1;12;14;8;88;7;1;1;61000
1661;2;53;31;1;8;12;9;61;20;1;1;78000
1662;1;39;20;1;11;17;9;78;8;1;2;48000
1663;3;87;56;0;1;8;13;16;8;1;0;117000
1664;2;35;21;0;1;9;6;37;20;1;0;38000
1665;1;36;21;1;4;9;7;119;15;1;1;25000
1666;3;52;34;1;8;9;7;54;10;1;2;61500
1667;2;45;30;1;2;5;6;47;15;1;2;49500
1668;2;42;32;1;5;5;6;49;5;1;2;47000
1669;1;32;21;2;7;9;6;76;20;1;2;38000
1670;1;40;21;1;1;12;9;101;3;1;0;40000
1671;2;38;24;1;4;9;7;40;7;1;2;55500
1672;2;40;25;0;1;5;6;112;15;0;0;35000
1673;2;60;39;0;4;8;8;37;3;1;2;109000
1674;3;78;53;0;3;8;8;62;5;1;2;125000
1675;2;40;24;1;4;12;6;63;35;1;2;47000
1676;2;46;29;1;2;5;6;63;35;1;2;48000
1677;2;45;33;1;1;5;6;116;15;1;0;36000
1678;2;58;34;1;11;17;11;8;3;1;1;104500
1679;3;63;45;1;9;12;7;109;15;1;1;69200
1680;3;60;43;1;4;12;7;29;10;1;1;101300
1681;2;52;30;1;1;12;10;78;5;1;0;50000
1682;3;81;57;0;4;8;10;69;10;1;2;123000
1683;1;38;17;1;9;22;11;54;1;1;2;61000
1684;1;31;17;0;1;5;7;105;15;1;0;31000
1685;2;45;30;1;6;9;6;58;20;1;2;52000
1686;1;32;22;2;8;9;6;46;5;1;2;43000
1687;4;80;56;0;8;8;9;15;2;1;2;135000
1688;2;48;31;1;5;12;8;109;10;1;2;50000
1689;2;45;31;0;2;5;6;99;10;1;2;45000
1690;1;32;22;2;5;9;6;46;10;1;2;35500
1691;1;33;20;1;1;5;6;68;15;1;0;35000
1692;1;35;20;1;12;12;10;103;10;1;2;45000
1693;2;44;29;1;2;5;6;112;15;0;2;41000
1694;2;52;32;0;10;10;9;29;1;1;2;80000
1695;3;74;45;1;3;17;10;117;15;1;1;72000
1696;3;77;53;0;4;5;9;51;7;1;2;120000
1697;2;43;32;0;4;5;6;72;20;1;2;51000
1698;3;69;50;1;4;16;8;63;20;1;1;105000
1699;2;54;32;1;5;12;9;111;5;1;1;61000
1700;3;79;53;2;2;14;12;62;15;1;0;125000
1701;2;43;29;0;2;5;6;114;5;0;0;38000
1702;2;44;27;0;2;5;6;103;15;0;2;45000
1703;1;32;20;1;1;5;6;102;20;0;0;31000
1704;4;82;58;0;2;9;8;72;3;1;0;115000
