"price";"bedrooms";"bathrooms";"sqft_living";"sqft_lot";"floors";"condition";"lat";"long"
327500;4;2,25;2240;9600;2;3;47,361;-122,281
705000;3;1,75;2180;10221;1;4;47,5885;-122,248
549000;4;1,75;1290;3060;2;4;47,6798;-122,348
510000;4;2,5;1620;8125;2;4;47,6255;-122,059
449950;3;2;1560;4080;2;3;47,6892;-122,319
195000;3;1;1310;9554;1;3;47,2949;-122,285
287000;3;2,5;1820;8722;1,5;3;47,2137;-121,989
660000;3;1,75;1750;5200;1;4;47,6995;-122,383
710000;5;2,5;2570;9600;1;3;47,7216;-122,282
388000;3;1,75;1760;9277;1;4;47,4977;-122,358
688888;3;3,25;2580;9825;1,5;4;47,5314;-122,054
641500;1;1;1000;9084;1;3;47,5007;-122,382
579100;2;1;1070;2754;1;3;47,6755;-122,331
220000;4;1,75;1660;11664;1;3;47,4943;-122,331
781000;3;1,5;1290;8175;1;4;47,6296;-122,205
170000;2;1;1280;21750;1,5;5;47,3096;-122,241
512000;4;2,5;2600;4506;2;3;47,5146;-122,188
532500;3;1,75;1330;5000;2;4;47,5724;-122,384
675000;2;1;930;36478;1;3;47,5699;-122,164
495000;5;1,75;2760;18112;1;3;47,7363;-122,298
305000;3;1;1120;10125;1;3;47,4794;-122,078
465000;4;2,25;2340;13383;1;3;47,6211;-122,037
675000;3;3,25;1510;2064;2;3;47,6398;-122,345
355000;4;2,5;2130;9268;2;4;47,262;-122,22
390000;4;1,75;2700;7875;1,5;4;47,454;-122,144
529500;2;1;900;4800;1;4;47,6575;-122,4
403900;4;2,5;2050;8909;1;4;47,398;-122,31
521000;3;2;1870;5455;1;5;47,7029;-122,297
528000;4;2,75;2050;7171;1;3;47,6194;-122,042
1200000;4;3,5;4560;16643;1;3;47,5521;-122,115
295832;5;1;1410;6400;1;5;47,4207;-122,334
498000;2;2;1140;8282;1;3;47,6949;-122,21
550000;4;1,75;2150;9000;1;4;47,6812;-122,113
760000;4;2,5;2430;6099;1;5;47,6777;-122,287
586500;3;2,5;1780;1487;3;3;47,6539;-122,351
275000;2;1,5;1270;32175;1;4;47,3347;-122,304
699900;4;2,75;2810;7302;2;3;47,5985;-121,977
713500;3;2;1720;4200;2;3;47,6285;-122,301
189000;2;2;1700;3171;1;5;47,3025;-122,224
599000;5;3,25;2590;6180;1;3;47,551;-122,272
520000;2;1;950;3880;1;4;47,687;-122,389
583000;4;2,5;2660;4000;2;3;47,6876;-122,038
348000;3;2,5;2370;7500;1;3;47,4091;-122,331
790000;5;3,25;2900;12160;1;4;47,6154;-122,168
239000;3;1,75;1340;16480;1;4;47,364;-122,162
455000;3;2,5;2090;8653;2;3;47,7498;-122,184
680000;3;1,75;1660;5750;1;4;47,5843;-122,385
272000;3;2,5;1528;7616;2;3;47,3774;-122,186
440000;5;1,75;3690;36036;1;3;47,3473;-122,085
465000;3;1;930;3348;1;4;47,5532;-122,277
341000;3;2,5;1480;1663;2;3;47,5443;-122,375
553000;2;2;1400;1512;2;3;47,6719;-122,392
278100;4;1,75;2120;8520;1;3;47,302;-122,373
359950;3;1,75;1890;9100;2;4;47,7676;-122,339
990000;4;3,75;3450;4940;2;3;47,692;-122,338
385000;3;2,25;1650;7800;1;3;47,7377;-122,197
405000;3;1,75;1520;7252;1;3;47,7358;-122,175
315000;2;1;630;6550;1;3;47,5486;-122,38
379000;3;3,25;1380;1234;3;3;47,6935;-122,342
5e+05;4;1,75;2290;9215;1;5;47,5328;-122,051
254000;3;2,5;1560;10608;2;3;47,3572;-122,161
648000;4;2,25;2170;8240;2;4;47,5634;-122,128
384500;2;1;1130;5236;1;4;47,5103;-122,386
575000;3;1,75;2680;8625;1;5;47,5316;-122,056
191000;3;1;840;5525;1;5;47,3607;-122,085
739000;3;2,5;2750;16000;2;4;47,693;-122,187
280000;3;1;1720;9605;1;3;47,7439;-122,242
250000;3;1;1250;7920;1;4;47,4853;-122,126
905000;4;2,5;3300;10250;1;3;47,5873;-122,249
629000;5;2;2050;3000;1,5;3;47,6864;-122,352
409000;2;1,75;1480;4000;1;4;47,6916;-122,38
408200;3;2,5;1800;5761;2;4;47,5293;-122,363
201000;3;1;960;15273;1;4;47,238;-122,039
323800;3;2,5;2060;7658;2;3;47,2923;-122,36
718000;3;1;1030;4958;1;5;47,6647;-122,277
304500;3;2,25;1790;6930;1;3;47,3536;-122,317
620000;3;1,75;2140;5808;1;3;47,6435;-122,373
151600;2;1;1060;16988;1;3;47,4305;-122,157
340000;3;1,75;1210;9635;1;4;47,7382;-121,98
560000;2;1;1010;9219;1;4;47,6886;-122,202
710000;2;1;1790;4000;1;4;47,6405;-122,301
506000;3;1,75;2180;7700;1;3;47,7594;-122,361
370000;4;2,5;2710;5880;2;3;47,3314;-122,172
284000;2;1;860;7204;1;3;47,5361;-122,351
1e+06;6;2,75;3600;9675;1;4;47,5726;-122,213
418000;4;3,25;3266;5969;2;3;47,2975;-122,35
494000;2;1;1290;4650;1;4;47,6877;-122,325
870000;4;1,75;1920;3600;2;4;47,6382;-122,368
365000;4;2,5;2905;4874;2;3;47,4084;-122,169
310000;3;1,75;1840;10723;1;4;47,429;-122,154
544500;5;1;1690;3240;1,5;3;47,6746;-122,325
440000;4;2,5;2560;10400;1;4;47,5225;-122,04
464500;5;1,5;2940;13425;1;3;47,7632;-122,29
580135;4;2,5;3150;5886;2;3;47,4787;-122,122
410000;3;1,75;1880;8424;1;4;47,5116;-122,161
399990;5;2,75;1690;4000;1;5;47,5312;-122,354
452000;4;2,5;2716;7850;2;3;47,352;-122,197
177000;3;1,75;1150;8079;1;4;47,3766;-122,18
268500;3;2,25;1140;977;2;3;47,5439;-122,375
390000;1;1,75;1440;4920;1;3;47,534;-122,376
678940;5;2,25;2610;4080;2;5;47,6757;-122,309
260000;4;2,5;1790;4358;2;3;47,3994;-122,204
629000;3;2,5;2160;1912;2;3;47,5642;-122,292
710000;3;2;1780;9732;1;3;47,5796;-122,229
419000;5;3;2190;9652;2;3;47,5049;-122,239
998160;2;2,5;3010;16050;1;4;47,5643;-122,16
690000;4;2;1760;7800;1;3;47,6945;-122,38
393000;5;2;1820;5054;1;4;47,5547;-122,299
655000;4;2,5;3500;11306;2;3;47,5428;-121,861
469000;5;2,5;2690;11745;1;3;47,7708;-122,362
275000;3;1,5;1170;1174;2;3;47,5459;-122,376
270000;3;2;1300;1920;2;3;47,5183;-122,376
550000;4;2;2070;9822;1;5;47,566;-122,14
430000;3;2;1730;9000;1;3;47,5202;-122,047
430000;3;2,75;2550;11160;2;3;47,7351;-122,323
7e+05;4;1,5;2470;6000;1,5;3;47,6365;-122,391
243500;3;3;2110;7794;1;3;47,4005;-122,293
643403;3;2,5;2350;9648;1;4;47,6156;-122,108
395000;5;1,75;2100;9599;1;3;47,7097;-122,216
510000;4;2,75;3180;13348;2;3;47,7439;-121,977
438900;4;2,5;2740;5700;2;3;47,3535;-122,026
447000;3;1;1220;7200;1;4;47,6218;-122,116
772000;3;2,25;1640;1204;3;3;47,6196;-122,297
827000;4;2,5;3230;12100;1;3;47,562;-122,146
7e+05;3;2;2080;3880;1;5;47,686;-122,391
362362;2;1;710;4000;1;3;47,5535;-122,269
453000;3;1,75;1430;20193;1;3;47,5619;-122,183
488000;2;2;1360;4688;1;3;47,6874;-122,315
772500;5;2,75;3890;9130;2;3;47,5407;-121,86
289000;3;2,5;1490;8628;2;3;47,3643;-122,041
235000;3;1,75;1950;8712;1;3;47,4391;-122,189
690000;4;3,5;2710;2147;2;3;47,5468;-121,994
365000;5;2;1600;4168;1,5;3;47,5297;-122,381
255000;2;1;960;28717;1;4;47,3356;-122,502
484000;1;0;690;23244;1;4;47,6429;-121,955
924000;5;2,75;3210;8001;2;3;47,5935;-122,061
650000;3;2;2520;5980;1;3;47,5767;-122,383
540000;3;2,5;1810;3930;2;3;47,7169;-122,02
255000;3;1,5;1110;10296;1;5;47,422;-122,153
241500;3;1;1400;10425;1;4;47,2738;-122,301
268000;3;2,75;1880;1793;2;3;47,5405;-122,293
735000;3;2,5;2540;6762;2;3;47,6239;-122,144
525000;5;3;2450;4591;2;3;47,6828;-122,388
408000;2;2;1200;3900;1;3;47,72;-122,024
733000;5;2,75;2880;4425;2;3;47,7048;-122,109
347500;3;2,5;1890;7053;2;4;47,3967;-122,183
545000;3;2,5;3550;136343;2;3;47,6223;-121,869
195000;2;2;1180;2553;2;3;47,3501;-122,02
699999;2;2;1460;1085;2;3;47,6205;-122,299
390000;4;2,5;2610;7227;2;3;47,314;-122,023
790000;4;2,75;2640;9000;2;3;47,6481;-122,125
204000;3;1;980;8000;1;4;47,42;-122,317
324950;4;1,75;2320;9240;1;3;47,4909;-122,257
360000;3;1,75;1950;7260;1;3;47,7187;-122,33
490000;2;1;1160;5000;1;4;47,6865;-122,399
248000;3;1;950;9400;1;4;47,5746;-122,136
320000;3;1;1260;9600;1;3;47,4444;-121,762
175000;2;1;660;5000;1;3;47,5664;-122,364
9e+05;5;2,25;2510;35691;1;3;47,6435;-122,154
135000;2;1;830;7609;1;3;47,5057;-122,348
1130000;5;2,5;4310;28008;2;3;47,6662;-122,056
715000;4;2,5;2570;7980;2;3;47,6378;-122,065
725000;2;1;2410;5930;2;3;47,5657;-122,395
3e+05;5;2,5;2760;6000;2;3;47,5289;-122,321
885000;2;2;1313;3600;1;3;47,6369;-122,365
320000;3;2,5;2280;7417;2;3;47,3557;-122,278
650000;3;2,5;2380;3332;2;3;47,7194;-122,199
278500;3;1,75;1390;8980;1;4;47,2015;-122,005
705380;3;2,5;2490;4343;2;3;47,5493;-121,993
350000;2;0,75;1392;43710;1,5;4;47,4491;-122,453
553650;2;2,5;1360;1349;2;3;47,6254;-122,292
515000;4;2,5;1850;9248;2;3;47,735;-122,244
273000;3;2,25;1830;7651;2;3;47,2642;-122,219
760000;4;2,5;3520;8095;2;3;47,7065;-122,109
184900;2;1;1230;5000;1;5;47,2064;-121,988
504600;5;3;2360;5000;1;3;47,6931;-122,33
350000;4;2,5;2260;13755;1;4;47,3767;-122,161
348000;3;2,5;1670;5090;2;3;47,4799;-122,18
574950;5;3,25;3160;10000;2;4;47,52;-122,047
6e+05;3;1,75;1580;7416;1;3;47,6056;-122,173
175003;3;1,5;1390;1882;2;3;47,5667;-122,297
1135000;6;4,25;6900;244716;2;4;47,7506;-122,012
317500;2;1,5;1220;8409;1;4;47,7534;-122,324
825000;3;2,5;3400;38400;1;3;47,7611;-122,372
392137;3;2;1460;3696;2;3;47,6861;-122,013
6e+05;4;3,5;3270;15160;1;3;47,7437;-122,287
284000;3;2,25;1580;7034;1;4;47,3564;-122,04
357000;4;2,5;2380;7066;2;4;47,3982;-122,172
315500;3;1;1160;10500;1;4;47,7267;-122,227
530000;3;1,75;1690;8190;1;4;47,5857;-122,172
348000;3;2,25;2570;8491;2;4;47,3759;-122,125
585000;2;1,75;1980;8550;1;3;47,6989;-122,369
440000;4;1;1440;6678;1;3;47,571;-122,392
315000;3;1,75;1660;8160;1;4;47,4608;-122,358
750000;4;2,5;2510;17200;1;4;47,6287;-122,089
563000;3;2;1380;5000;1,5;4;47,6807;-122,369
1100000;4;3,25;3190;11774;2;3;47,5033;-122,225
316000;3;0,75;1270;10092;1;5;47,7567;-122,073
625000;3;2,5;1730;1301;3;3;47,653;-122,352
213950;3;1;1430;7000;1;3;47,3018;-122,369
279000;4;2;1980;10051;1;3;47,3231;-122,103
401000;3;2;1240;11172;1;3;47,6364;-122,037
720000;3;1,75;2040;4000;2;5;47,6675;-122,289
938000;3;2,5;3090;10940;2;3;47,5492;-122,119
280000;3;1,75;1360;6603;1;4;47,4619;-122,168
240415;3;1,75;1120;10187;1;3;47,3694;-122,311
206000;3;1;1060;10350;1;4;47,365;-122,028
760000;4;2,5;3600;155509;2;3;47,3538;-121,986
627500;4;2,5;2540;11500;1;4;47,5609;-122,15
530000;5;2,25;2720;8800;1;4;47,5976;-122,118
429000;3;3,25;2210;3600;2;3;47,7031;-122,279
190000;2;1;880;6900;1;3;47,4903;-122,191
449000;5;1,75;1720;14040;1;4;47,7365;-122,339
310000;2;1;700;3000;1;4;47,6846;-122,346
438000;3;2,25;2340;14279;1;3;47,5715;-122,124
417500;2;1;1330;5510;1;3;47,6901;-122,362
465000;5;1,5;1830;9000;1;3;47,7488;-122,292
645000;4;2,5;2850;37522;2;3;47,5852;-121,992
330000;3;1,75;1510;15744;1;3;47,476;-121,755
386000;3;1,5;1550;8000;1;3;47,5536;-122,286
1110000;4;2,5;2990;8640;1;5;47,5932;-122,172
555500;2;1;920;10000;1;4;47,6938;-122,21
210000;3;1,5;1160;5200;1;5;47,364;-122,094
1280000;4;3,5;4340;5500;2;3;47,6427;-122,397
335000;2;1;1440;8842;1;3;47,7443;-122,325
285000;3;2,5;1940;9874;2;3;47,3794;-122,113
505000;4;2,5;3170;5340;2;3;47,4911;-122,138
475000;6;3;3470;117612;1,5;3;47,7663;-122,234
397950;4;1,75;2120;7620;2;3;47,457;-122,346
759000;3;2,25;1640;1873;3;3;47,6196;-122,297
485000;4;2,25;1810;7068;2;5;47,7319;-122,204
508450;4;1,75;1520;9600;1;4;47,5763;-122,154
420000;3;1,5;1050;6615;1;4;47,6578;-122,39
883000;4;2,5;2800;6874;2;3;47,6215;-122,29
531000;5;2,75;2540;5022;1;4;47,5593;-122,3
525000;2;2,5;1160;1458;2;3;47,6384;-122,373
209000;2;1;1070;6120;1;3;47,4989;-122,317
422250;2;1,5;1280;1256;2;3;47,6741;-122,375
1698000;4;3,5;3950;6240;2;3;47,6221;-122,29
540000;3;2,5;1380;1021;2;3;47,6148;-122,309
160000;3;1,75;1610;7392;1;4;47,3413;-122,28
670000;3;1;1600;16868;1;3;47,5872;-122,241
284200;3;1,75;1540;6632;1;3;47,4973;-122,252
4e+05;4;2;1560;8250;1;3;47,7565;-122,358
2e+06;3;2,5;3490;21064;1;3;47,6092;-122,073
343000;3;1;1120;7250;1;4;47,7143;-122,211
275000;2;1,75;930;7080;1;3;47,5224;-122,36
1900000;4;3,25;4130;112521;2;3;47,6392;-122,165
499000;3;2;2090;42689;1,5;3;47,3497;-121,944
880000;2;1;1530;6350;1,5;4;47,6325;-122,303
510000;4;1,5;2040;8800;1;4;47,5965;-122,139
415000;4;2,5;2544;4071;2;3;47,341;-122,179
515000;4;1,5;1740;8160;1,5;4;47,7243;-122,363
3e+05;4;2,5;2890;17349;2;3;47,2822;-122,34
212000;3;1;1000;9450;1;3;47,4562;-122,193
402101;2;0,75;1020;1350;2;3;47,5944;-122,299
525000;4;1,5;1170;6240;1;4;47,5495;-122,232
457000;3;2,5;2050;5694;2;3;47,5331;-121,855
660000;4;1,75;1870;10450;1;3;47,5938;-122,154
440000;3;2,5;1440;5434;2;3;47,6818;-122,034
695000;3;2,75;2540;4694;2;3;47,6214;-122,024
845800;4;3,5;3020;12750;2;3;47,6524;-122,184
319950;3;2,5;1700;7000;2;3;47,3798;-122,025
336000;3;2,5;2110;4549;2;4;47,3885;-122,154
1245000;3;3;4610;8400;2;3;47,5854;-122,292
2e+05;4;2;1900;8160;1;3;47,2114;-121,986
565000;3;3;2110;4000;1;4;47,5696;-122,375
385000;3;1,75;2310;11200;1;4;47,3637;-122,21
380000;4;1,75;2030;12518;1;3;47,7278;-122,297
427000;3;2;1720;128066;1;3;47,4487;-121,981
285000;4;2,5;1996;4547;2;3;47,3365;-122,051
635000;4;1,75;2460;7560;2;4;47,7256;-122,367
509950;3;2,5;2210;70567;2;3;47,6087;-121,895
294000;3;1;1320;9520;1;3;47,4857;-122,253
265000;2;1;760;4000;1;4;47,5466;-122,304
335000;2;1,75;1270;1685;2;3;47,5646;-122,295
197000;4;2,25;1790;13200;1;3;47,4672;-122,185
451000;3;1,75;1560;4049;1,5;3;47,5666;-122,375
282000;4;1;1200;11111;1,5;3;47,7529;-122,306
285000;2;2,5;1380;1073;2;3;47,5462;-122,369
1003000;4;2,75;2290;6120;2;4;47,6746;-122,327
1636000;3;2,5;3110;6765;2;4;47,6886;-122,276
559950;3;2,5;1660;1458;3;3;47,5876;-122,309
718000;5;2,75;3250;8100;2;3;47,7133;-122,311
365000;4;2,25;2070;8893;2;4;47,4388;-122,162
425000;3;1,5;1660;5665;1;5;47,5391;-122,274
416286;3;2,5;1408;989;3;3;47,6856;-122,315
329900;3;2,5;2170;4905;2;3;47,3503;-122,039
449000;3;1,75;1660;9697;1;4;47,7564;-122,286
470000;4;2,25;2380;17199;2;3;47,7668;-122,27
593450;4;2,25;2130;7172;2;4;47,6271;-122,112
435000;4;2;2030;4033;2;4;47,7056;-122,342
475000;4;2,5;2040;7260;2;4;47,7399;-122,332
402500;4;1;1270;3630;1,5;3;47,6135;-122,307
725000;4;2,25;2880;8882;2;4;47,6999;-122,284
760000;4;1,75;2450;13300;1;4;47,5564;-122,13
325000;2;2;970;5000;1;3;47,7223;-122,16
375000;4;1,75;1890;8000;1;4;47,7576;-122,333
667400;4;2,5;2660;40312;2;4;47,7532;-122,139
435000;3;2,5;1778;147823;2;3;47,6811;-121,915
610000;4;1;1390;3708;1,5;4;47,685;-122,363
570000;3;2,75;2730;11936;2;3;47,6987;-122,231
115000;2;1;1000;16524;1;3;47,2841;-122,255
230000;3;1,75;1450;8378;1;4;47,3093;-122,385
783350;4;2,5;3290;35001;2;3;47,7231;-122,038
363750;3;1,75;1726;197326;2;4;47,3484;-122,505
635000;4;2,5;2490;40608;2;3;47,6507;-122,004
660000;3;3;2340;2970;2;5;47,6868;-122,348
160000;3;1,5;1010;9600;1;4;47,4097;-122,316
375000;3;1;1190;9486;1;4;47,4319;-122,339
760000;5;3,5;3180;14000;2;5;47,5501;-122,128
570000;3;1,75;1930;36210;1;3;47,7692;-122,128
372000;3;2,5;1710;5633;2;3;47,7232;-122,161
392000;4;2,5;2130;4028;2;3;47,5108;-122,363
336000;3;2,5;1260;1211;3;3;47,6969;-122,343
505000;3;1;1380;4000;1,5;3;47,6261;-122,296
377000;3;1,75;1680;7389;1;3;47,5199;-122,184
289000;2;1,75;2056;52333;1;4;47,2592;-122,291
480000;5;2,75;2550;7725;1;5;47,5388;-122,171
385000;3;2;1860;7400;1;3;47,4598;-122,352
560200;3;2,5;1990;3984;2;3;47,5914;-122,017
235000;3;1;1250;15603;1;4;47,5093;-122,172
525000;5;3;2750;3800;1,5;5;47,6845;-122,313
590000;4;2,5;2380;4950;2;3;47,5382;-122,391
740000;5;3,75;3990;18897;2;3;47,7228;-122,31
272000;3;2,5;1980;6608;2;3;47,2642;-122,213
305000;4;2,5;2320;4683;2;3;47,3349;-122,059
385000;3;1,75;1340;3850;1;4;47,7134;-122,292
507250;3;1,75;1400;5750;1;3;47,5659;-122,38
660000;4;2,5;3170;186436;2;3;47,4475;-122,034
185900;3;1;940;10890;1;4;47,2763;-122,257
630000;3;2,5;3490;12410;2;3;47,4714;-122,071
550000;3;2,25;1720;9600;1;4;47,6581;-122,126
413000;4;3,5;2380;5809;2;4;47,5536;-122,359
569950;4;1;1140;5940;1;3;47,6795;-122,354
698000;3;1,5;1090;7200;1;4;47,5817;-122,241
360000;2;2;1180;3200;1;4;47,5275;-122,383
1095000;4;4;3530;8400;2;5;47,6402;-122,395
375000;5;3;2680;8410;2;3;47,4401;-122,126
402300;3;1,75;1480;4050;1;3;47,681;-122,304
306000;3;1;1450;7200;1;3;47,7311;-122,199
850000;4;2,25;2330;10451;2;4;47,6044;-122,168
555000;3;2,5;2690;4819;2;3;47,5302;-121,849
505400;3;1,75;1640;3400;1;4;47,6694;-122,3
236000;3;1,75;1330;6301;1;3;47,3411;-122,219
281000;3;1,5;1280;974;3;3;47,7162;-122,293
675000;4;2,5;2620;6114;2;3;47,5603;-122,013
257500;4;1,5;1360;9323;1;4;47,3168;-122,401
312500;4;0,5;2300;5570;2;3;47,3285;-122,168
466200;3;1,5;1340;8856;1;4;47,6094;-122,126
455000;5;3,5;3080;7759;2;3;47,7454;-121,977
215000;3;1;1010;10125;1;4;47,3423;-122,088
391500;3;2,5;2424;6143;2;3;47,3512;-122,135
340000;4;2,25;2230;6791;2;3;47,3769;-122,028
495000;4;3,5;3170;3858;2;3;47,5049;-122,155
459000;4;2;2360;7080;1;5;47,5261;-122,376
653000;4;2,5;2160;7000;2;4;47,5659;-122,013
370950;3;2,5;2529;9653;2;3;47,3738;-122,161
371500;3;1;1650;6400;1;4;47,52;-122,365
333800;5;3;1980;3868;1;3;47,5173;-122,275
282000;4;2,5;1785;2552;2;3;47,3582;-122,2
1681000;5;5,25;4830;18707;2;5;47,5858;-122,247
640500;2;1,75;1640;6750;1;4;47,7068;-122,308
265000;3;1,75;1630;5999;1,5;4;47,3816;-122,313
257500;1;1;710;6060;1;4;47,5621;-122,283
1700000;3;2,75;2810;18731;2;4;47,6361;-122,093
575000;3;1,75;1890;11141;1;4;47,5697;-122,163
292000;2;1;880;5500;1;3;47,5573;-122,289
336900;3;1,75;1780;120661;1;4;47,7731;-121,897
340000;3;1;1710;10190;1;3;47,506;-122,331
567000;4;1,75;2630;11213;1;4;47,7158;-122,366
130000;2;1;840;6654;1;3;47,7319;-122,335
630000;3;1;1590;4080;1,5;3;47,662;-122,326
306000;3;2,5;1680;11193;2;3;47,4482;-122,125
385000;3;1,75;1200;7360;1;4;47,6979;-122,13
607000;3;2;2060;4080;1;5;47,574;-122,289
197400;3;2;1610;7575;1;4;47,334;-122,3
525000;3;1,5;1350;6000;1;3;47,5275;-122,391
1275000;4;2;2850;7861;1;4;47,6995;-122,397
1288000;4;3,5;3700;13175;2;4;47,5471;-122,133
305000;2;1;1210;7140;1,5;3;47,7225;-122,349
960000;5;4;3720;15200;2;3;47,5956;-122,026
420000;3;2,5;1970;3667;2;3;47,5321;-121,851
359999;4;2,25;3220;7700;2;4;47,3188;-122,38
308625;2;2;1500;1408;3;3;47,7293;-122,343
307000;3;1,5;2320;7500;1;3;47,7413;-121,979
1250000;4;2,5;3220;15600;1;5;47,5697;-122,182
1702500;5;4,5;5190;23716;2;3;47,5846;-122,223
635000;4;3,25;3420;6752;2;3;47,517;-121,876
214100;2;2,5;1150;2064;2;3;47,3516;-122,292
360000;3;1;1660;9600;1;3;47,708;-122,216
419000;4;2,5;3010;9155;2;3;47,3542;-122,027
785000;3;2;1600;9638;1;5;47,5753;-122,224
235000;4;1,75;1450;8891;1,5;3;47,478;-122,278
440000;3;2,5;2230;5800;2;3;47,5308;-121,847
7e+05;4;3,25;3580;43093;1;4;47,5595;-121,901
337000;3;1;1070;6109;1;5;47,7207;-122,32
1e+06;3;2,25;2300;15952;1;4;47,6322;-122,232
729000;3;3,25;2250;60548;1;3;47,4246;-122,014
920000;5;3;2230;4400;2;3;47,6404;-122,325
660000;4;2,5;2550;10000;1;3;47,6208;-122,141
720000;3;1,5;1590;7080;1;3;47,5244;-122,386
850000;4;3,25;3090;6744;2;3;47,768;-122,388
485000;4;1;1210;6380;1,5;3;47,6924;-122,321
282500;2;1,75;1440;11210;1;4;47,498;-122,35
450000;4;2,75;1540;4840;1;4;47,5491;-122,375
650000;4;1,75;2640;8215;1;4;47,5819;-122,125
425000;3;2;1500;8086;1;3;47,5584;-122,081
580000;5;2,5;2720;5000;1,5;4;47,6827;-122,376
599000;3;2,75;1960;2500;1,5;5;47,6744;-122,353
630000;3;1;1360;13000;1;5;47,3359;-122,033
1950000;4;3,5;4065;18713;2;4;47,6209;-122,237
565000;3;2,5;2700;6037;2;3;47,5376;-121,879
453000;3;2;1430;9583;1;4;47,7206;-122,197
180000;2;1;1150;5695;1;4;47,4989;-122,171
533600;3;2,5;1930;5080;2;4;47,5694;-122,001
265000;2;1;940;9458;1;3;47,7523;-122,311
399950;3;2,5;1230;922;2;3;47,6518;-122,384
234999;3;1;1330;8912;1;3;47,4493;-122,274
932808;5;4,5;4690;6705;2;3;47,5539;-122,108
320000;3;2,25;998;844;2;3;47,6983;-122,367
650000;4;2,75;2020;15810;1;4;47,5921;-122,155
235000;2;1;1500;8015;1;3;47,5027;-122,348
249000;3;2,5;1850;7200;1;3;47,3063;-122,384
251750;3;2;1320;7200;1;5;47,3947;-122,174
435000;3;1,75;1310;8065;1;4;47,701;-122,368
580000;3;2,5;2150;7484;2;3;47,6191;-122,043
285000;1;1,5;810;3211;2;4;47,6939;-122,184
618000;3;2,5;2340;3630;2;3;47,6059;-122,307
8e+05;6;4,25;5480;189050;2;4;47,412;-122,168
780000;4;2,25;2260;16188;1;3;47,5637;-122,112
346000;2;1;1070;2196;1;4;47,5726;-122,308
640000;4;2;2310;31850;1,5;4;47,7713;-122,122
726500;4;2,5;2180;3893;2;3;47,6886;-122,388
378000;3;1,5;1000;6914;1;3;47,7144;-122,319
710800;3;2,5;2880;36820;2;3;47,766;-122,044
410000;4;2,25;2150;27345;2;5;47,469;-122,121
309900;3;2,5;2020;26670;2;3;47,2597;-122,31
402000;4;1,75;2430;5481;1;3;47,5569;-122,298
479000;2;2,5;1741;1439;2;3;47,7043;-122,209
242500;3;1;940;7380;1;3;47,4516;-122,175
775000;4;3,25;4100;241322;2;3;47,7302;-122,096
635000;4;2,5;2720;7991;2;3;47,7168;-122,331
234000;3;1;1240;239144;1;3;47,4303;-122,046
310000;3;1;1510;6000;1;3;47,5168;-122,285
1157200;4;4,25;5860;52889;2;4;47,7245;-122,095
421000;3;1,75;1100;8662;1;5;47,5368;-122,173
340000;3;2;1130;9879;2;3;47,635;-121,964
479950;2;2;1510;6516;1;3;47,7076;-122,013
627000;3;2;1940;3800;1;4;47,6842;-122,309
569950;4;3,5;2700;443440;1,5;3;47,333;-122,098
679000;4;2,5;3680;7236;2;3;47,3543;-122,005
555000;4;2,5;3310;6500;2;3;47,515;-121,87
1150000;5;2,5;3580;8921;2;3;47,693;-122,202
399950;3;1,75;1560;5223;1;4;47,7175;-122,288
230000;3;1;1300;14000;1;4;47,4213;-122,322
3e+05;6;2,5;3080;8163;1;3;47,3859;-122,221
1050000;3;1,75;2650;5512;2;3;47,6265;-122,295
325000;4;2,25;1770;7799;2;3;47,4192;-122,202
590000;4;2,75;2400;104108;2;3;47,4686;-121,989
650000;4;2;1820;5000;1,5;3;47,6815;-122,269
530000;3;2,5;2030;10958;2;3;47,7251;-122,11
287500;4;2,5;2570;9000;1;4;47,2986;-122,372
718500;3;2;2910;6600;2;4;47,5576;-122,281
685000;3;1;1570;2280;2;3;47,6413;-122,364
502000;3;2,5;1600;3073;3;3;47,5934;-122,298
642000;4;2,5;2560;8780;2;3;47,5717;-121,991
262500;4;2;1540;5110;1;3;47,5164;-122,268
345000;2;1,75;1820;8409;1;4;47,7538;-122,327
610000;4;2,5;2950;9010;2;3;47,531;-121,86
631000;4;2;1930;3240;1,5;4;47,6156;-122,299
6e+05;3;3;3530;8345;2;3;47,7338;-122,234
750000;3;1,75;2240;10578;2;5;47,6954;-122,292
705000;4;2;2040;5050;1;5;47,6885;-122,324
199990;3;1;1100;8560;1;3;47,329;-122,338
5e+05;4;2,5;3010;5040;2;3;47,709;-122,35
522000;4;2,5;2835;6598;2;3;47,3878;-122,034
870000;4;2,5;3190;14565;2;3;47,713;-122,072
930000;3;3,25;2950;4446;2;3;47,5852;-122,391
550000;5;2;2450;9488;1;4;47,7056;-122,34
875000;4;1,75;2360;8286;1;3;47,6226;-122,205
289999;5;2,5;2180;8240;1;4;47,3122;-122,191
380000;4;2,5;1984;32400;1;3;47,36;-122,318
935000;2;2,5;1780;2067;2;5;47,6132;-122,21
250000;3;1;1660;7650;1,5;3;47,5576;-122,277
277140;3;1,5;1190;785;2;3;47,6781;-122,117
472000;3;1,5;1740;9038;1;4;47,5897;-122,136
560000;3;2;1300;6000;1;5;47,5482;-122,392
427500;3;1;1480;4200;1,5;3;47,6147;-122,298
219000;2;1;1050;9000;1,5;4;47,2887;-122,299
358000;3;1,5;1810;100188;1;5;47,2175;-121,995
239950;3;1,75;1440;7200;1;3;47,4473;-122,284
340000;2;1;690;5200;1;3;47,556;-122,395
231500;2;1;1200;9488;1;5;47,4832;-122,299
320000;3;1;1560;7552;1;4;47,7552;-122,327
340000;2;1,75;1880;7208;1;3;47,6946;-122,328
540000;4;2,5;3000;5471;2;3;47,4797;-122,126
555000;4;1,75;2260;11000;1;3;47,6224;-122,109
495000;4;1,75;2040;3570;1;4;47,5754;-122,288
375000;3;2,5;1580;2407;2;3;47,5455;-122,368
267000;3;2,5;1580;12250;2;3;47,3771;-122,315
750000;4;1,5;2030;3300;1,5;4;47,5855;-122,383
363000;3;2;1750;7000;1;3;47,3693;-122,041
277000;4;2,5;1850;5880;2;3;47,3322;-122,173
162500;2;1;760;6141;1;2;47,5469;-122,277
456000;4;1,5;2220;12385;1;3;47,6734;-122,185
370000;4;1;1310;6000;1,5;3;47,5822;-122,295
235000;2;1;1270;9182;1,5;3;47,5365;-122,378
452000;6;2,25;2660;13579;2;3;47,7142;-122,286
899000;4;2,5;3720;30649;2;3;47,6651;-122,056
370000;3;2,5;2490;18525;2;3;47,2119;-122,001
410000;4;2,5;1900;15123;2;3;47,5015;-121,772
385000;4;2;1820;7102;1;3;47,7447;-122,324
680000;3;2;1780;5720;1;5;47,6794;-122,351
654000;3;2,5;2570;5500;1;4;47,6417;-122,397
646000;3;2,75;2460;6413;2;3;47,7497;-122,245
599500;4;2,25;2020;10260;2;4;47,6801;-122,114
679975;4;2,5;3830;4644;2;3;47,5384;-121,88
550000;3;2,5;2080;7749;2;3;47,5723;-122,021
4e+05;3;1,75;1470;6682;1;3;47,7315;-122,226
265000;5;2,75;2920;5250;1,5;5;47,3072;-122,221
360000;3;1,75;1900;11407;1;3;47,7455;-122,294
7e+05;3;1,75;1910;4800;1;3;47,6844;-122,332
664000;4;2;1530;4080;1,5;4;47,6645;-122,325
235000;2;1;1210;9400;1;2;47,5342;-122,36
615000;4;1,75;2270;9830;1;4;47,5999;-122,176
760000;3;2,75;3530;69834;2;3;47,6377;-121,995
430000;3;2,5;2075;39553;1;3;47,3601;-122,032
775000;5;2,75;3750;12077;2;3;47,3525;-122,002
515805;5;2,75;2710;4136;2;3;47,4786;-122,123
6e+05;4;1,5;1770;6014;1,5;4;47,5773;-122,393
235000;3;2;1090;8400;1;4;47,4942;-122,322
655100;1;1;1220;4160;1;3;47,6746;-122,315
1185000;3;2,25;2760;40946;2;5;47,6501;-122,164
453500;3;1,75;1550;7270;1,5;5;47,72;-122,317
157500;2;1;670;4500;1;3;47,5271;-122,326
247500;3;2,25;1620;6000;1;3;47,2835;-122,2
508000;2;1;820;5040;1;3;47,6498;-122,388
267500;5;3,5;2390;6600;2;5;47,3737;-122,115
585000;4;2,5;2330;45860;2;3;47,5842;-121,992
9e+05;3;2,5;3400;16603;2;3;47,6012;-122,023
389000;4;2,25;2130;5337;2;3;47,7237;-121,959
240000;3;2;1030;11118;1;5;47,3463;-122,308
435000;2;1;1260;4080;1,5;5;47,687;-122,32
740000;3;2,25;3440;44374;2;4;47,547;-122,111
325000;2;1;1060;6050;1;3;47,7028;-122,321
1150000;3;2,5;2850;10474;1;4;47,6218;-122,209
701000;4;2,5;3340;5314;2;3;47,5167;-121,885
919204;4;3,5;3760;5000;2;3;47,6826;-122,394
119900;2;1;700;3180;1;3;47,4976;-122,262
390000;1;1;710;4000;1;4;47,6562;-122,354
780000;3;2,75;2910;3094;2;5;47,7071;-122,276
263500;2;1;750;4515;1;3;47,5198;-122,351
1465000;4;4;4930;22093;2;3;47,5874;-121,965
855000;4;3,5;3460;7702;2;3;47,5942;-121,977
580000;4;1,5;1780;5100;1;3;47,6944;-122,288
580000;4;1,5;2430;4995;1,5;4;47,5782;-122,292
570000;4;2;1790;7800;1;5;47,6266;-122,103
270000;3;2,5;1770;7336;2;3;47,3639;-122,185
720000;4;2,25;2410;8400;2;5;47,626;-122,119
998000;3;2,25;3370;11757;2;4;47,5573;-122,16
554820;4;2;3510;12905;1;3;47,4466;-122,36
5e+05;3;1,75;1540;10800;1;5;47,5763;-122,222
370000;5;3;2220;5185;2;3;47,543;-122,29
575000;3;2;1520;5000;1,5;3;47,6733;-122,389
246000;3;2;1990;203861;1;3;47,2507;-122,039
535000;4;1;1660;10656;1,5;4;47,5391;-122,385
630000;3;3;1880;2200;2;3;47,6666;-122,367
334998;2;1;1800;5182;1;3;47,5508;-122,3
675000;4;1,75;1530;3615;1,5;4;47,6529;-122,334
1328000;5;3;3340;10796;1;3;47,5421;-122,229
4e+05;2;1,75;1250;7680;1;3;47,5242;-122,371
690000;4;2,5;2670;13463;2;4;47,5627;-122,018
445000;3;1;1050;5664;1;4;47,6897;-122,285
280000;3;2,5;1270;9675;2;3;47,4639;-121,744
390000;4;1,75;2180;7560;1;4;47,757;-122,336
325000;3;1,75;1790;27427;1;3;47,532;-121,761
230500;3;2,25;1690;7245;1;3;47,3505;-122,305
765000;4;2,75;2790;10819;2;3;47,5515;-122,08
805000;4;2,5;3020;3600;2,5;3;47,5407;-121,993
365000;3;2,5;2190;5091;2;3;47,3506;-122,039
436000;2;1;790;6600;1;3;47,6149;-122,293
1505000;4;3,5;3480;7232;2;3;47,5859;-122,291
660000;3;2,5;2680;28243;2;3;47,7637;-122,05
1697000;3;2;2600;6600;2;3;47,6055;-122,285
574500;4;1,5;1430;6380;1,5;4;47,7014;-122,313
870000;4;2,5;3240;7621;2;3;47,5641;-122,032
920000;3;1;1410;9656;1;3;47,6354;-122,208
565000;4;1;1540;2452;1,5;4;47,6522;-122,348
315000;2;1;1080;2674;1;4;47,5595;-122,317
1900000;3;3,75;3150;8550;2;3;47,6387;-122,284
585000;4;1,75;2270;27122;1;5;47,7637;-122,281
555000;3;2;2080;7020;1;4;47,6768;-122,285
360000;2;1;2320;11250;2;4;47,504;-122,362
265000;2;2;1650;8975;1;5;47,5073;-122,36
862500;4;2,75;3280;24440;2;3;47,7073;-122,07
253000;2;1,75;1220;5000;1;5;47,4906;-122,204
229500;3;1,5;1810;14400;1;4;47,2887;-122,269
465000;3;2,5;1890;4808;2;3;47,5348;-121,866
380000;3;1,5;1430;11173;1;1;47,5734;-122,153
379770;3;2,5;1470;1779;2;3;47,5472;-121,998
3e+05;3;2,25;1780;10395;1;3;47,4539;-122,15
490000;1;1;850;8050;1;2;47,5427;-122,288
598950;3;2,5;1480;1531;3;3;47,669;-122,402
274000;2;2;1700;7992;1;4;47,3031;-122,385
354000;2;1;1390;7740;1;4;47,5232;-122,371
556000;4;2,5;2230;7200;1;4;47,589;-122,156
7e+05;5;2,5;2830;25958;1;5;47,5896;-122,083
767500;2;1,75;2210;9374;1;4;47,6634;-122,359
1450000;5;2,75;3090;19865;1;4;47,6232;-122,235
675000;4;2,5;2900;5505;2;3;47,6063;-122,02
5e+05;3;1;1800;7200;1;3;47,5616;-122,275
498500;5;2,75;2990;7420;2;3;47,4944;-122,162
415000;3;1,5;1510;16800;1;5;47,751;-122,338
396900;3;2;1360;3120;2;3;47,6943;-122,307
545000;6;1,75;1820;6250;1;3;47,579;-122,39
280500;3;1,5;1670;6988;1;3;47,4283;-122,323
739900;5;2,5;2980;5377;2;3;47,7074;-122,101
979700;4;2,25;2480;6000;2;3;47,6392;-122,406
386500;4;1;1400;3600;1;4;47,5972;-122,295
345000;3;1;1060;5600;1;4;47,5116;-122,379
459000;2;2,5;1240;1249;3;3;47,6718;-122,386
250000;2;1,5;1200;5773;2;3;47,4723;-122,19
745000;4;2,5;2650;18903;2;3;47,5761;-121,989
303500;6;4,5;3390;7200;2;3;47,5205;-122,288
238950;2;1;1190;11400;1;3;47,5012;-122,265
427000;5;2,75;2220;4000;1;3;47,5754;-122,305
319000;3;2,5;2110;7434;2;4;47,3935;-122,169
186000;3;1;1200;10080;1;4;47,3261;-122,135
231500;4;2,25;2080;7526;1;4;47,3762;-122,183
453000;3;3;2330;4284;2;3;47,5547;-122,308
1312000;3;3,25;4030;6300;2;3;47,6664;-122,276
435000;3;2;1610;6911;1;3;47,7188;-122,177
440000;4;1,5;1770;5750;2;3;47,5621;-122,394
850000;3;3,5;2620;11148;2;4;47,5845;-122,115
839000;3;1;1230;12305;1;3;47,6095;-122,195
601150;2;2;1660;5200;1;5;47,6871;-122,334
480000;5;2;1760;21562;1;3;47,7597;-122,263
645000;4;2,5;2430;14400;1;5;47,6202;-122,138
474000;2;1;1090;3160;1;3;47,6385;-122,344
980000;5;4;3460;5400;2;3;47,5201;-122,204
377000;2;1,5;1000;1251;2;3;47,6529;-122,384
340000;4;2,5;2810;6481;2;3;47,333;-122,172
226740;3;1,5;1410;8800;1;4;47,2927;-122,183
324747;3;2,5;2060;4742;2;3;47,3706;-122,017
511000;3;2,5;1820;4883;2;3;47,7355;-122,224
392440;4;2,5;2547;4800;2;3;47,2592;-122,194
451000;4;1,75;1260;7250;1;3;47,5267;-122,032
362300;3;2,5;2430;15264;2;3;47,3805;-122,208
240000;3;1,5;1010;10350;1;3;47,379;-122,29
275000;2;1;1180;6552;1;4;47,7477;-122,342
691100;3;2,75;2360;16117;1;4;47,5698;-122,121
820000;3;2,5;2950;35108;1,5;3;47,7316;-122,035
4e+05;3;1;1410;9704;1;3;47,6203;-122,036
458500;3;2;1890;1599;2;3;47,5438;-122,385
295000;3;1,5;1220;3286;2;3;47,7168;-122,189
415000;3;1;2020;19210;1;3;47,7552;-122,229
650000;3;2,5;2870;7288;2;3;47,7745;-122,225
579000;2;2;1760;7200;1;5;47,5658;-122,276
336500;3;2,25;1420;3433;2;4;47,7245;-122,163
270000;3;2,25;1470;16728;1;4;47,4968;-122,302
995000;4;3,25;3530;20012;2;3;47,7193;-122,127
405000;4;2,25;1970;15743;1;3;47,7673;-122,202
396000;4;1,75;1970;12409;1;4;47,7489;-122,236
1575000;4;3,5;5830;131116;2;3;47,5986;-121,949
818000;4;2,25;2460;8001;2;4;47,548;-122,154
430000;4;1,75;1890;6000;1;4;47,7274;-122,305
491300;3;1,75;1750;11340;1;4;47,6099;-122,058
350000;3;1;1680;8010;1;3;47,6993;-122,376
176000;2;1;770;5200;1;5;47,3627;-122,087
469775;2;1,75;1530;7020;1;3;47,6465;-122,395
653000;3;2,5;2290;3475;2;3;47,5551;-122,001
5e+05;4;2,25;2030;8517;1;4;47,5495;-122,174
225500;4;2;1440;7950;1;5;47,4517;-122,082
488000;2;1,5;1000;5125;1;3;47,6926;-122,347
729950;4;3,5;3510;10010;2;3;47,5412;-121,876
393000;3;2,25;2140;10256;2;3;47,3751;-122,044
390000;3;2,25;2270;32112;1;4;47,3451;-122,094
540000;4;4,25;1960;3565;2;3;47,5849;-122,384
675000;3;2,25;1780;4252;2;4;47,6004;-122,292
286500;3;2;1840;8140;1;4;47,3106;-122,325
375000;4;1,75;1940;15909;1;3;47,7578;-122,094
976000;4;1,5;3120;7680;1;3;47,646;-122,39
313000;3;1,5;1550;7260;1,5;2;47,4693;-122,349
515000;3;2,5;3000;8250;1;4;47,6191;-122,112
545000;3;2,5;2760;17377;2;3;47,4929;-122,188
580000;4;2,5;2130;35752;1;3;47,5748;-122,031
340000;3;2;1140;11620;1;3;47,4991;-121,783
545500;3;2,5;1560;9361;1,5;4;47,5591;-122,295
289000;3;1,75;1260;8400;1;3;47,4366;-122,335
279000;3;2,5;1540;7280;1;3;47,3102;-122,322
630000;3;2,5;2460;38794;2;3;47,7602;-122,022
337000;4;2,5;3200;5772;2;3;47,3486;-122,153
997000;4;3,5;3430;13609;2;3;47,5196;-122,151
257000;3;1;1450;7850;1,5;5;47,4299;-122,199
699000;4;2,5;2440;14470;1;4;47,6401;-122,168
660000;3;3,25;1980;2850;3;3;47,6597;-122,331
246000;4;2;1400;7632;1,5;5;47,4625;-122,345
515000;2;1;1060;4960;1;3;47,6896;-122,331
199000;3;1;1000;8512;1;3;47,2151;-121,993
940000;3;1,5;2140;3600;2;3;47,6337;-122,365
385000;2;1;770;7554;1;3;47,7057;-122,36
638000;3;3,25;1720;1587;2,5;3;47,6187;-122,299
660000;3;2,25;2280;6150;2;3;47,5423;-122,385
367950;4;2,5;3030;9500;2;3;47,3511;-122,287
290000;4;2;1560;8800;2;5;47,4927;-122,312
1050000;3;2;2090;4077;1,5;4;47,6433;-122,3
519900;4;2;1820;9350;1;4;47,6288;-122,098
389900;4;1;1710;117176;1,5;4;47,4497;-122,212
405000;5;2,5;2430;4781;2;3;47,4487;-122,117
489000;3;2,5;2260;19821;2;3;47,448;-122,088
665000;3;2,5;2610;35000;2;3;47,7377;-122,101
229000;4;1,5;1820;22814;1,5;3;47,7321;-122,296
392500;3;1;1100;7650;1;3;47,7219;-122,354
394475;2;1;830;4000;1;3;47,6929;-122,379
645000;4;3,5;2910;5260;2;3;47,5168;-121,883
555000;5;2,75;2810;13144;1;3;47,6199;-122,141
642860;4;2,75;2520;6398;2;3;47,7685;-122,159
478000;2;1;820;6000;1;3;47,6494;-122,395
272000;4;2,25;1800;9018;2;3;47,2126;-121,984
560000;4;1,75;1880;3880;1,5;4;47,6635;-122,362
695000;4;2,75;2660;7389;2;3;47,5993;-121,977
785000;4;3;3370;100681;1;5;47,4319;-122,148
525000;3;1;1500;6800;1;3;47,6706;-122,268
3e+05;4;2,25;1660;3200;2;3;47,3666;-122,019
330000;4;1,75;1550;50094;1;4;47,2194;-122,059
5e+05;3;2;1720;5525;1;5;47,559;-122,298
480000;3;2,5;2980;7338;2;3;47,437;-122,207
407450;4;1,5;2310;68824;2;4;47,3354;-122,031
1065000;4;3,75;4260;9800;2;3;47,6739;-122,172
710000;4;1,75;2120;5400;1;4;47,6501;-122,395
729032;4;2,5;2840;12866;1;4;47,6388;-122,167
453000;3;2,5;1750;3900;2;3;47,6638;-122,129
163000;3;1,75;1290;4811;1;3;47,3912;-122,234
989990;4;3,5;3830;7150;2;3;47,7049;-122,126
850000;3;1,75;1370;3850;1;5;47,6374;-122,279
3e+05;3;3;2850;9375;1;3;47,4655;-122,209
373500;2;1;800;3330;1;3;47,6566;-122,358
564000;2;2;1690;4500;1;3;47,7133;-122,031
209000;3;1;920;5200;1;4;47,3647;-122,082
262000;3;1,75;1320;6530;1;4;47,2871;-122,354
1298890;5;2,25;2690;10800;1;4;47,5821;-122,247
550000;4;2,75;2160;5005;1;3;47,6971;-122,302
322000;3;2;1760;43575;1;3;47,3565;-121,94
334950;3;1,75;1880;16262;1;5;47,5089;-122,155
632500;5;2,5;2640;7096;2;3;47,6827;-122,038
635000;4;1,75;2400;10050;1;5;47,6339;-122,124
245000;1;1;390;2000;1;4;47,6938;-122,347
257500;3;2,25;1715;6819;2;3;47,3097;-122,327
237000;3;1;1300;8160;1;4;47,511;-122,172
235000;2;2,25;1660;2748;2;3;47,4333;-122,212
520000;3;2,5;2460;54885;2;4;47,4996;-122,146
350000;3;2,25;2470;10290;2;3;47,4459;-122,124
275000;4;1;1430;27153;1,5;4;47,5372;-121,744
239000;4;1;1280;8316;1;3;47,4989;-122,302
751750;2;2;1880;5400;1,5;3;47,6238;-122,311
4e+05;3;1;1040;6250;1;3;47,5526;-122,385
805000;3;1,75;1080;3200;1;4;47,6503;-122,338
1462500;5;3,25;3840;4800;3;3;47,5929;-122,29
425000;2;1;970;2700;1;4;47,6852;-122,312
640000;3;2,5;2790;31798;1;5;47,5241;-122,039
1125000;4;3,5;3170;4000;2;3;47,6265;-122,298
305000;4;1;2100;9288;1;4;47,4558;-122,171
430000;3;1,5;1690;9708;1,5;5;47,5732;-122,136
6e+05;3;1;1310;5000;1,5;3;47,6624;-122,347
356000;2;1;1430;365904;1;3;47,513;-121,857
251000;3;2;1650;7930;1;4;47,3617;-122,05
990400;3;2,5;2100;4097;2;3;47,5983;-122,2
234000;3;1;1040;8128;1;3;47,7425;-121,981
575000;4;2;1660;4800;1,5;3;47,6556;-122,345
551000;4;1,5;1470;5100;1,5;3;47,6769;-122,381
195000;2;1;1190;27007;1;4;47,524;-122,04
340000;2;1;860;7102;1;3;47,7042;-122,369
395000;4;1;1980;10350;1;4;47,5226;-122,045
738000;4;2,5;2830;5010;2;3;47,6952;-122,327
275000;2;1,75;2090;11317;1;5;47,4594;-122,279
492000;4;2;1640;5000;2;3;47,6662;-122,365
465000;3;3,25;1510;1850;2;3;47,6683;-122,362
840000;3;2,5;2060;9715;2;3;47,6961;-122,316
630000;4;2,5;1910;1502;3;3;47,6747;-122,393
612000;5;2,5;2300;7000;1;3;47,6875;-122,122
337500;3;2,25;1530;6600;1;4;47,462;-122,188
430000;5;2,5;3860;42733;1;4;47,3117;-122,254
835000;4;4,25;4930;25714;2;3;47,3069;-122,148
650000;3;1,75;2920;9370;1;4;47,5491;-122,151
545000;4;2,5;2080;8504;2;3;47,5703;-121,998
265000;3;2,5;1340;10290;1;4;47,3553;-122,149
539950;3;2,5;1330;2180;3;3;47,6987;-122,365
314000;3;1,75;1620;9600;1;4;47,4749;-122,155
824500;4;2,5;2610;3500;1,5;5;47,6848;-122,326
255000;3;2;1290;13282;1;3;47,3787;-122,169
539000;2;1,75;1900;5175;1;3;47,5689;-122,386
410000;3;2,5;1420;1269;3;3;47,6904;-122,342
762500;4;2,25;3130;41382;2;3;47,6683;-122,034
615000;3;2,25;1760;1146;3;3;47,6073;-122,304
898000;5;2,25;2700;9000;2;5;47,6599;-122,146
556000;3;1,75;1640;7437;1;3;47,5324;-122,38
450000;4;2,75;2310;5650;1;3;47,513;-122,252
1205000;4;3,5;3590;5335;2;3;47,6762;-122,267
344000;4;2,5;2100;8501;2;5;47,1951;-122,01
510000;3;1,5;1730;6240;1;3;47,5282;-122,391
7e+05;2;1,5;1850;4945;1,5;4;47,5742;-122,379
840000;5;3;2750;3800;1,5;5;47,6845;-122,313
388000;4;2,5;2440;7155;2;3;47,4501;-122,126
404000;4;1,75;1840;10720;1;3;47,6074;-122,125
305500;3;1;1240;6090;1;4;47,7542;-122,307
665000;3;2,75;1800;9550;1;4;47,5679;-122,178
680000;2;1;1020;8442;1;4;47,5145;-122,391
327000;3;3;1370;1001;3;3;47,7302;-122,355
81000;2;1;730;9975;1;1;47,4808;-122,315
550000;4;3;4180;35169;2;3;47,4;-122,027
330000;2;2,5;1310;2915;2;3;47,4911;-122,154
554000;3;2;1910;9001;1;4;47,6037;-122,119
4e+05;1;1;530;13679;1;4;47,6422;-121,954
760000;4;2,5;2920;7901;2;3;47,7036;-122,125
435000;3;2,5;1900;7984;2;3;47,7433;-122,194
350000;4;2,5;2380;6124;2;3;47,3662;-122,175
525000;4;2,25;2620;98881;1;3;47,4662;-122,453
559000;3;1,5;2070;5386;1;4;47,6896;-122,374
205000;3;0,75;770;7000;1;3;47,5661;-121,887
1712750;5;2,5;2660;6572;1;5;47,6176;-122,223
1025000;4;3,5;3320;19850;1;4;47,527;-122,228
330000;4;1,75;2440;7350;1;3;47,3743;-122,285
581000;2;1;1170;4080;1;4;47,6784;-122,386
765000;4;2,5;3190;38119;2;3;47,6698;-122,044
680000;8;2,75;2530;4800;2;4;47,6241;-122,305
7e+05;4;2;2490;4700;1;4;47,5254;-122,392
420000;4;2,25;2030;12000;2;3;47,7699;-122,168
175000;2;1;1160;6911;1;3;47,7149;-122,318
680000;4;2,75;2720;54048;2;3;47,7181;-122,089
315000;4;3;2210;4191;2;3;47,2959;-122,225
390000;3;2;1510;10827;2;3;47,654;-122,127
220000;3;1,75;1230;8917;1;4;47,4528;-122,172
450000;3;2,25;1960;6500;2;4;47,6642;-122,129
676000;3;2;1730;6784;2,5;4;47,6462;-122,403
865000;3;1,5;1790;7526;1;3;47,6387;-122,207
4e+05;2;1;1180;10800;1;3;47,7273;-122,236
475000;4;3,5;2440;3052;2;3;47,555;-122,309
483000;2;1,75;1400;4720;1;4;47,5705;-122,392
760000;3;3,5;2350;10739;1;5;47,7288;-122,284
5e+05;4;2,5;2840;18001;2;3;47,7359;-121,962
194000;3;1;1180;6050;1;3;47,4945;-122,249
310650;3;1,75;1510;12408;1;4;47,5069;-122,141
365000;3;1;1380;30940;2;3;47,334;-122,106
980000;4;1,75;2120;4000;1,5;4;47,6601;-122,275
493000;4;2;1910;2874;1;3;47,6101;-122,295
640000;4;2,5;2260;5172;2;3;47,7047;-122,128
825000;3;1,75;2080;5000;2;5;47,6717;-122,356
805000;3;3;3910;19023;2;3;47,6953;-121,914
299000;3;1;1510;6200;1;3;47,5293;-122,274
523000;3;1;1440;8681;1,5;3;47,6976;-122,283
950000;4;3,5;4140;13392;2;3;47,5261;-122,144
448000;4;1,75;2560;8270;1;3;47,7572;-122,147
542525;4;2,5;2650;5600;2;3;47,4786;-122,122
340000;4;2,5;1954;4805;2;3;47,4297;-122,19
230000;2;0,75;650;5360;1;4;47,7281;-122,335
355000;2;2,5;1370;1140;2;3;47,7055;-122,342
350000;3;2,25;1760;9621;2;3;47,7466;-121,979
540000;4;2,5;1780;4169;2;3;47,5695;-122,006
1850000;5;3,25;3680;6060;2;5;47,6341;-122,304
591000;3;2;1460;3600;2;3;47,6123;-122,314
819000;3;3,5;2130;6150;2;5;47,6491;-122,405
395000;2;2;1960;4018;1;5;47,5629;-122,32
920000;3;1,75;3670;11884;1;4;47,5604;-122,133
515000;3;1,75;1190;4500;1;3;47,5576;-122,388
153503;2;2,5;1240;3649;2;3;47,3241;-122,322
732500;3;2,5;2470;10321;2;3;47,6694;-122,141
8e+05;7;6,75;7480;41664;2;3;47,4643;-122,368
824000;4;3,5;3650;57538;2;3;47,7711;-122,041
394950;3;2,5;1350;1250;3;3;47,5491;-122,387
465000;3;2,5;1440;4473;2;3;47,6825;-122,036
303500;3;1,5;1060;10464;1;4;47,7313;-122,229
440000;3;1,75;1170;8740;1;4;47,6849;-122,117
395000;3;1,75;1620;8085;1;3;47,7349;-122,197
623300;4;3,5;4170;4524;2;3;47,7726;-122,162
250000;3;2,25;1560;15340;2;3;47,4989;-122,322
616500;3;2,5;3580;118047;1;3;47,4453;-121,98
645000;2;1,5;1995;115670;1,5;4;47,4022;-122,464
935000;2;2,5;1680;977;3;3;47,632;-122,361
898000;2;1,75;1490;9874;1;4;47,6246;-122,199
752000;4;2,5;2570;8178;1;3;47,5483;-122,261
412000;3;1;1000;3844;1;5;47,7031;-122,349
235000;3;1;1240;18000;1;2;47,3514;-122,315
1260000;3;3,5;3220;3960;2;3;47,5909;-122,384
315000;2;1;970;18557;1;3;47,5116;-122,37
483945;2;1,75;1480;5120;1;4;47,558;-122,392
821000;3;2,75;2760;8476;1;4;47,5402;-122,215
418000;3;1,75;1530;7238;1;3;47,7629;-122,315
592500;4;2,5;2240;12032;1;3;47,6143;-122,017
680000;4;2,5;2830;8399;2;3;47,5851;-122,034
397500;3;2,25;1430;1383;3;3;47,6917;-122,341
440000;4;2,75;2420;10200;1;3;47,72;-122,236
295000;3;1,75;1440;4000;1;4;47,5329;-122,354
198500;3;1,75;1520;7137;1;3;47,4924;-122,311
375900;6;1,5;2550;33740;1;4;47,3222;-122,362
852880;4;3,25;3450;6184;2;3;47,6072;-122,054
475000;3;1;1380;4635;1;4;47,57;-122,285
860000;5;2,25;1960;8592;1;4;47,6066;-122,192
339950;3;2,5;1730;4286;2;3;47,432;-122,329
429000;4;2,5;2100;7920;1,5;4;47,5293;-122,371
520000;4;1,75;1240;4532;1,5;4;47,6892;-122,378
760000;4;2,5;2990;5280;2;3;47,5353;-122,066
245000;3;1;1380;9875;1;3;47,5131;-122,334
355000;3;1;1600;5001;1,5;5;47,7232;-122,289
570000;3;1,5;1300;7287;1;4;47,6889;-122,187
535000;2;2;1510;5133;1,5;3;47,6415;-122,401
580000;3;1,5;1860;7190;2;5;47,7716;-122,392
425000;3;1;1010;5864;1;3;47,5733;-122,381
258950;3;1,75;1440;8050;1;3;47,3187;-122,39
619000;3;2,5;2720;6439;2;3;47,5422;-121,86
775000;3;2,5;2890;8470;2;3;47,5785;-122,054
492450;3;1,75;1540;13002;1;2;47,6231;-122,044
350000;4;2,75;3390;16153;1;4;47,3954;-122,184
175000;3;1;1150;8924;1;3;47,3865;-122,217
339950;4;2,5;2260;6086;2;3;47,3642;-122,174
257000;2;1;1000;3700;1;3;47,552;-122,29
780000;3;2,5;2940;15875;2;3;47,5947;-122,016
599000;4;2,5;2640;6738;2;4;47,5787;-122
830000;4;2,5;3400;9692;2;3;47,708;-122,109
641000;3;1,75;1480;9603;1;3;47,5915;-122,202
215000;2;1;1320;8865;1;4;47,4949;-122,3
310000;1;0,75;520;2885;1;4;47,6886;-122,378
415000;4;2,75;2390;9968;1;4;47,3706;-122,056
767500;4;2;2350;4815;1,5;4;47,6681;-122,338
220000;3;2;1410;7998;1;4;47,4968;-122,277
740000;4;2,25;2920;46355;2;4;47,569;-121,962
665000;3;3,5;2460;14155;2;3;47,7743;-122,279
297262;3;2,5;1730;8076;2;3;47,2619;-122,308
284000;4;2,5;1830;6360;2;3;47,4184;-122,18
353000;4;2,5;2300;4249;2;3;47,3516;-122
128000;2;1;980;5393;1;3;47,3674;-122,081
790000;3;1,75;1790;6117;1;3;47,6366;-122,401
230000;2;1;800;17965;1;4;47,4693;-122,161
295000;3;1;1000;8320;1;5;47,7548;-122,316
530000;3;2,5;1950;9906;2;3;47,6363;-122,025
245560;2;1,5;1260;9693;1;3;47,7775;-122,365
495000;3;2,5;2577;156816;2;3;47,2935;-122,108
235000;4;1,75;1920;9350;1;4;47,292;-122,195
205000;3;1,5;1820;8585;1;4;47,4479;-122,213
495000;3;2,5;1750;1548;3;3;47,5532;-122,282
206000;3;1;1060;9600;1;4;47,2878;-122,358
575000;3;1,75;1720;5956;2;3;47,6875;-122,202
806000;4;2,5;3370;9629;2;3;47,5896;-121,978
383000;3;1,75;1500;13430;1;3;47,7527;-122,082
345000;5;3;2080;6150;1;3;47,5707;-122,394
437718;3;2,5;1800;3265;2;3;47,5338;-121,841
995000;2;2;1600;64468;1;3;47,7344;-122,143
565000;2;1,75;1130;276170;1;3;47,2673;-122,027
1010000;4;2,75;2940;5400;1,5;5;47,6366;-122,369
394000;3;1;1450;7930;1;4;47,5212;-122,371
349000;3;1,75;1740;7682;1;3;47,4451;-122,126
939000;4;2,25;2240;9684;2;4;47,5489;-122,225
334500;3;2;1700;8160;1;3;47,74;-122,339
513000;3;2,25;1500;1312;3;3;47,6534;-122,346
235000;3;1,75;1420;7920;1;4;47,2931;-122,188
390000;3;1;1000;6947;1;3;47,7142;-122,319
1285000;3;2,25;2440;9200;1;4;47,6629;-122,269
275000;2;1;910;4191;1;3;47,6929;-122,36
385195;1;1;710;6000;1,5;3;47,5756;-122,316
350000;3;2,25;1860;8378;2;3;47,3875;-122,032
539000;4;2,5;2340;19850;2;3;47,7672;-122,306
237000;3;1,5;1800;9216;1;4;47,2739;-122,249
488500;3;2;1710;10959;1;4;47,697;-122,199
215000;4;2;1470;7000;1;4;47,3742;-122,289
268500;2;1;790;8424;1;4;47,7511;-122,352
289000;3;2,5;1970;9607;2;3;47,3462;-122,286
403000;2;1;720;3255;1;4;47,6823;-122,348
1057000;2;1,5;2370;184231;2;3;47,4543;-121,778
515000;4;2,75;2700;5150;2;3;47,5209;-121,874
450000;3;2,5;2280;4557;2;3;47,7733;-122,266
979500;4;3,75;4133;361548;2;3;47,7479;-121,972
550000;3;3,75;1580;1303;2;3;47,5875;-122,315
875000;5;3;2960;15152;2;3;47,6689;-122,179
570000;4;2,5;2890;5801;2;3;47,7349;-122,238
1195000;5;3;3420;18129;2;3;47,5333;-122,217
310000;3;1;1010;9945;1;4;47,5324;-121,763
3e+05;3;1,5;1500;14750;1,5;4;47,495;-122,318
460000;4;3;2230;52983;2;3;47,3577;-122,195
425000;3;1,75;1610;144619;1;3;47,5659;-121,863
378000;4;1,5;2140;7920;1;3;47,5491;-122,272
429000;2;1;1010;5000;1;2;47,6715;-122,365
275900;3;1,75;1380;8400;1;3;47,3117;-122,321
635000;4;2;2660;8160;1;4;47,7229;-122,359
286000;2;1,5;1010;825;3;3;47,7124;-122,301
454000;3;2,5;1590;4094;2;3;47,61;-122,293
350000;3;1,75;1490;10344;1;3;47,7517;-122,326
575000;3;2,75;1990;9600;1;3;47,532;-122,05
518000;5;1;1590;5000;1,5;3;47,5752;-122,381
771000;3;2,25;1780;6120;1,5;4;47,6025;-122,286
459000;3;3;2440;2076;2;3;47,5476;-122,37
780000;5;1,75;2330;3800;1,5;3;47,6835;-122,308
299900;3;2,25;1560;35026;1;3;47,3023;-122,069
517850;5;2,75;3050;7500;1;4;47,7249;-122,187
699000;5;2,5;3340;24755;2;3;47,4565;-122,066
536000;3;2,75;2290;34548;2;4;47,3691;-122,163
350000;3;2;1680;81893;1;3;47,3248;-122,179
320000;2;1;1380;5820;1;3;47,6875;-122,392
467000;3;2;1840;3432;2;3;47,7368;-122,295
257700;4;2,25;1600;6202;2;4;47,3784;-122,046
420000;3;2;1200;5029;1;3;47,6936;-122,294
